"ProductID";"VendorID";"AverageLeadTime";"StandardPrice";"LastReceiptCost";"LastReceiptDate";"MinOrderQty";"MaxOrderQty";"OnOrderQty";"UnitMeasureCode";"ModifiedDate"
1;83;17;47,87;50,264;29/09/2001 00:00:00;1;5;3;"CS ";29/09/2001 00:00:00
2;57;19;39,92;41,916;29/09/2001 00:00:00;1;5;3;"CTN";29/09/2001 00:00:00
4;85;17;54,31;57,026;29/09/2001 00:00:00;1;5;null;"CTN";29/09/2001 00:00:00
317;50;19;28,17;29,579;29/09/2001 00:00:00;100;1000;300;"EA ";29/09/2001 00:00:00
317;84;17;25,77;27,059;25/09/2001 00:00:00;100;1000;null;"EA ";25/09/2001 00:00:00
318;50;19;34,38;36,099;29/09/2001 00:00:00;100;1000;null;"EA ";29/09/2001 00:00:00
318;84;17;31,98;33,579;25/09/2001 00:00:00;100;1000;300;"EA ";25/09/2001 00:00:00
319;40;19;44,21;46,421;29/09/2001 00:00:00;100;1000;300;"EA ";29/09/2001 00:00:00
319;50;19;46,27;48,584;29/09/2001 00:00:00;100;1000;null;"EA ";29/09/2001 00:00:00
319;84;17;43,87;46,064;25/09/2001 00:00:00;100;1000;null;"EA ";25/09/2001 00:00:00
320;13;17;45,21;47,471;19/09/2001 00:00:00;1;5;null;"CAN";19/09/2001 00:00:00
320;47;17;43,21;45,371;25/09/2001 00:00:00;1;5;null;"CAN";25/09/2001 00:00:00
320;62;19;47,28;49,644;29/09/2001 00:00:00;1;5;3;"CAN";29/09/2001 00:00:00
321;13;17;40,76;42,798;19/09/2001 00:00:00;1;5;null;"CAN";19/09/2001 00:00:00
321;47;17;38,56;40,488;25/09/2001 00:00:00;1;5;null;"CAN";25/09/2001 00:00:00
321;62;19;42,21;44,321;29/09/2001 00:00:00;1;5;null;"CAN";29/09/2001 00:00:00
322;13;17;24,21;25,421;25/09/2001 00:00:00;20;100;null;"DZ ";25/09/2001 00:00:00
322;47;17;25,11;26,366;25/09/2001 00:00:00;20;100;null;"DZ ";25/09/2001 00:00:00
322;62;19;27,33;28,697;24/09/2001 00:00:00;20;100;null;"DZ ";24/09/2001 00:00:00
323;21;17;47,87;50,264;25/09/2001 00:00:00;1;5;null;"CS ";25/09/2001 00:00:00
325;15;19;0,2;0,21;29/09/2001 00:00:00;500;2000;null;"EA ";29/09/2001 00:00:00
326;15;19;0,2;0,21;29/09/2001 00:00:00;500;2000;null;"EA ";29/09/2001 00:00:00
332;70;19;10,3;10,815;29/09/2001 00:00:00;100;1000;null;"EA ";29/09/2001 00:00:00
341;8;15;39,21;41,171;26/09/2001 00:00:00;1;5;3;"CTN";26/09/2001 00:00:00
341;41;19;45,21;47,471;22/09/2001 00:00:00;1;5;null;"CTN";22/09/2001 00:00:00
341;90;19;45,31;47,576;28/09/2001 00:00:00;1;5;null;"CTN";28/09/2001 00:00:00
342;8;15;37,21;39,071;26/09/2001 00:00:00;1;5;3;"CTN";26/09/2001 00:00:00
342;41;19;43,21;45,371;22/09/2001 00:00:00;1;5;null;"CTN";22/09/2001 00:00:00
342;90;19;43,31;45,476;28/09/2001 00:00:00;1;5;null;"CTN";28/09/2001 00:00:00
343;8;15;41,28;43,344;26/09/2001 00:00:00;1;5;null;"CTN";26/09/2001 00:00:00
343;41;19;47,28;49,644;22/09/2001 00:00:00;1;5;null;"CTN";22/09/2001 00:00:00
343;90;19;47,38;49,749;28/09/2001 00:00:00;1;5;null;"CTN";28/09/2001 00:00:00
344;8;15;37,21;39,071;07/09/2001 00:00:00;1;5;3;"CTN";07/09/2001 00:00:00
344;41;19;43,21;45,371;28/09/2001 00:00:00;1;5;null;"CTN";28/09/2001 00:00:00
344;90;19;43,31;45,476;28/09/2001 00:00:00;1;5;null;"CTN";28/09/2001 00:00:00
345;8;15;35,21;36,971;07/09/2001 00:00:00;1;5;3;"CTN";07/09/2001 00:00:00
345;41;19;41,21;43,271;28/09/2001 00:00:00;1;5;null;"CTN";28/09/2001 00:00:00
345;90;19;41,31;43,376;28/09/2001 00:00:00;1;5;null;"CTN";28/09/2001 00:00:00
346;8;15;39,28;41,244;13/09/2001 00:00:00;1;5;null;"CTN";13/09/2001 00:00:00
346;41;19;45,28;47,544;28/09/2001 00:00:00;1;5;null;"CTN";28/09/2001 00:00:00
346;90;19;45,38;47,649;28/09/2001 00:00:00;1;5;null;"CTN";28/09/2001 00:00:00
347;8;15;35,21;36,971;13/09/2001 00:00:00;1;5;3;"CTN";13/09/2001 00:00:00
347;41;19;41,21;43,271;28/09/2001 00:00:00;1;5;null;"CTN";28/09/2001 00:00:00
347;90;19;41,31;43,376;17/09/2001 00:00:00;1;5;null;"CTN";17/09/2001 00:00:00
348;8;15;33,21;34,871;20/09/2001 00:00:00;1;5;3;"CTN";20/09/2001 00:00:00
348;41;19;39,21;41,171;28/09/2001 00:00:00;1;5;null;"CTN";28/09/2001 00:00:00
348;90;19;39,31;41,276;17/09/2001 00:00:00;1;5;null;"CTN";17/09/2001 00:00:00
349;8;15;37,28;39,144;20/09/2001 00:00:00;1;5;3;"CTN";20/09/2001 00:00:00
349;41;19;43,28;45,444;18/09/2001 00:00:00;1;5;null;"CTN";18/09/2001 00:00:00
349;90;19;43,38;45,549;22/09/2001 00:00:00;1;5;null;"CTN";22/09/2001 00:00:00
351;12;15;5,9;6,195;26/09/2001 00:00:00;100;1000;300;"EA ";26/09/2001 00:00:00
351;64;15;5,5;5,775;26/09/2001 00:00:00;100;1000;null;"EA ";26/09/2001 00:00:00
352;12;15;1,4;1,47;26/09/2001 00:00:00;100;1000;null;"EA ";26/09/2001 00:00:00
352;64;15;1,1;1,155;26/09/2001 00:00:00;100;1000;300;"EA ";26/09/2001 00:00:00
355;17;15;1,3;1,365;26/09/2001 00:00:00;100;1000;300;"EA ";26/09/2001 00:00:00
356;48;18;3,43;3,602;27/09/2001 00:00:00;20;100;null;"PAK";27/09/2001 00:00:00
356;69;16;3,22;3,381;28/09/2001 00:00:00;20;100;60;"PAK";28/09/2001 00:00:00
357;48;18;3,79;3,98;27/09/2001 00:00:00;20;100;null;"PAK";27/09/2001 00:00:00
357;69;16;4,11;4,316;28/09/2001 00:00:00;20;100;60;"PAK";28/09/2001 00:00:00
358;103;16;6,65;6,983;28/09/2001 00:00:00;20;100;60;"PAK";28/09/2001 00:00:00
359;32;17;45,41;47,681;29/09/2001 00:00:00;1;5;3;"CS ";29/09/2001 00:00:00
359;91;19;45,26;47,523;11/09/2001 00:00:00;1;5;null;"CS ";11/09/2001 00:00:00
360;32;17;43,41;45,581;29/09/2001 00:00:00;1;5;3;"CS ";29/09/2001 00:00:00
360;91;19;43,26;45,423;11/09/2001 00:00:00;1;5;null;"CS ";11/09/2001 00:00:00
361;32;17;47,48;49,854;05/09/2001 00:00:00;1;5;null;"CS ";05/09/2001 00:00:00
361;91;19;47,33;49,697;18/09/2001 00:00:00;1;5;null;"CS ";18/09/2001 00:00:00
362;32;17;43,41;45,581;05/09/2001 00:00:00;1;5;3;"CS ";05/09/2001 00:00:00
362;91;19;43,26;45,423;18/09/2001 00:00:00;1;5;null;"CS ";18/09/2001 00:00:00
363;32;17;41,41;43,481;05/09/2001 00:00:00;1;5;null;"CS ";05/09/2001 00:00:00
363;91;19;41,26;43,323;18/09/2001 00:00:00;1;5;null;"CS ";18/09/2001 00:00:00
364;32;17;45,48;47,754;12/09/2001 00:00:00;1;5;3;"CS ";12/09/2001 00:00:00
364;91;19;45,33;47,597;24/09/2001 00:00:00;1;5;null;"CS ";24/09/2001 00:00:00
365;32;17;41,41;43,481;12/09/2001 00:00:00;1;5;null;"CS ";12/09/2001 00:00:00
365;91;19;41,26;43,323;24/09/2001 00:00:00;1;5;null;"CS ";24/09/2001 00:00:00
366;32;17;39,41;41,381;12/09/2001 00:00:00;1;5;3;"CS ";12/09/2001 00:00:00
366;91;19;39,26;41,223;29/09/2001 00:00:00;1;5;null;"CS ";29/09/2001 00:00:00
367;32;17;43,48;45,654;12/09/2001 00:00:00;1;5;null;"CS ";12/09/2001 00:00:00
367;91;19;43,33;45,497;29/09/2001 00:00:00;1;5;null;"CS ";29/09/2001 00:00:00
368;32;17;39,41;41,381;12/09/2001 00:00:00;1;5;3;"CS ";12/09/2001 00:00:00
368;91;19;39,26;41,223;29/09/2001 00:00:00;1;5;null;"CS ";29/09/2001 00:00:00
369;32;17;37,41;39,281;12/09/2001 00:00:00;1;5;3;"CS ";12/09/2001 00:00:00
369;91;19;37,26;39,123;29/09/2001 00:00:00;1;5;null;"CS ";29/09/2001 00:00:00
370;32;17;41,48;43,554;18/09/2001 00:00:00;1;5;3;"CS ";18/09/2001 00:00:00
370;91;19;41,33;43,397;30/08/2001 00:00:00;1;5;null;"CS ";30/08/2001 00:00:00
371;32;17;37,41;39,281;18/09/2001 00:00:00;1;5;null;"CS ";18/09/2001 00:00:00
371;91;19;37,26;39,123;30/08/2001 00:00:00;1;5;null;"CS ";30/08/2001 00:00:00
372;32;17;35,41;37,181;18/09/2001 00:00:00;1;5;3;"CS ";18/09/2001 00:00:00
372;91;19;35,26;37,023;30/08/2001 00:00:00;1;5;null;"CS ";30/08/2001 00:00:00
373;32;17;39,48;41,454;18/09/2001 00:00:00;1;5;3;"CS ";18/09/2001 00:00:00
373;91;19;39,33;41,297;30/08/2001 00:00:00;1;5;null;"CS ";30/08/2001 00:00:00
374;32;17;35,41;37,181;24/09/2001 00:00:00;1;5;3;"CS ";24/09/2001 00:00:00
374;91;19;35,26;37,023;05/09/2001 00:00:00;1;5;null;"CS ";05/09/2001 00:00:00
375;7;16;41,21;43,271;29/08/2001 00:00:00;1;5;null;"CTN";29/08/2001 00:00:00
375;23;16;41,21;43,271;10/09/2001 00:00:00;1;5;null;"CTN";10/09/2001 00:00:00
375;76;15;41,28;43,344;13/09/2001 00:00:00;1;5;3;"CTN";13/09/2001 00:00:00
376;7;16;45,28;47,544;29/08/2001 00:00:00;1;5;null;"CTN";29/08/2001 00:00:00
376;23;16;39,21;41,171;10/09/2001 00:00:00;1;5;null;"CTN";10/09/2001 00:00:00
376;76;15;37,21;39,071;13/09/2001 00:00:00;1;5;null;"CTN";13/09/2001 00:00:00
377;7;16;41,21;43,271;04/09/2001 00:00:00;1;5;null;"CTN";04/09/2001 00:00:00
377;23;16;43,28;45,444;17/09/2001 00:00:00;1;5;null;"CTN";17/09/2001 00:00:00
377;76;15;35,21;36,971;20/09/2001 00:00:00;1;5;3;"CTN";20/09/2001 00:00:00
378;7;16;39,21;41,171;04/09/2001 00:00:00;1;5;null;"CTN";04/09/2001 00:00:00
378;23;16;39,21;41,171;17/09/2001 00:00:00;1;5;null;"CTN";17/09/2001 00:00:00
378;76;15;39,28;41,244;20/09/2001 00:00:00;1;5;3;"CTN";20/09/2001 00:00:00
379;7;16;43,28;45,444;04/09/2001 00:00:00;1;5;null;"CTN";04/09/2001 00:00:00
379;23;16;37,21;39,071;17/09/2001 00:00:00;1;5;null;"CTN";17/09/2001 00:00:00
379;76;15;35,21;36,971;20/09/2001 00:00:00;1;5;null;"CTN";20/09/2001 00:00:00
380;7;16;39,21;41,171;10/09/2001 00:00:00;1;5;null;"CTN";10/09/2001 00:00:00
380;23;16;41,28;43,344;22/09/2001 00:00:00;1;5;null;"CTN";22/09/2001 00:00:00
380;76;15;41,16;43,218;26/09/2001 00:00:00;1;5;3;"CTN";26/09/2001 00:00:00
381;7;16;37,21;39,071;10/09/2001 00:00:00;1;5;null;"CTN";10/09/2001 00:00:00
381;23;16;37,21;39,071;22/09/2001 00:00:00;1;5;null;"CTN";22/09/2001 00:00:00
381;76;15;45,23;47,492;26/09/2001 00:00:00;1;5;3;"CTN";26/09/2001 00:00:00
382;23;16;35,21;36,971;28/09/2001 00:00:00;1;5;null;"CTN";28/09/2001 00:00:00
382;76;15;41,21;43,271;01/09/2001 00:00:00;1;5;3;"CTN";01/09/2001 00:00:00
383;23;16;39,28;41,244;28/09/2001 00:00:00;1;5;null;"CTN";28/09/2001 00:00:00
383;76;15;45,28;47,544;01/09/2001 00:00:00;1;5;null;"CTN";01/09/2001 00:00:00
384;23;16;35,21;36,971;28/09/2001 00:00:00;1;5;null;"CTN";28/09/2001 00:00:00
384;76;15;41,21;43,271;01/09/2001 00:00:00;1;5;3;"CTN";01/09/2001 00:00:00
385;23;16;41,16;43,218;28/09/2001 00:00:00;1;5;null;"CTN";28/09/2001 00:00:00
385;76;15;39,21;41,171;07/09/2001 00:00:00;1;5;null;"CTN";07/09/2001 00:00:00
386;23;16;45,23;47,492;04/09/2001 00:00:00;1;5;null;"CTN";04/09/2001 00:00:00
386;76;15;43,28;45,444;07/09/2001 00:00:00;1;5;3;"CTN";07/09/2001 00:00:00
387;23;16;41,21;43,271;04/09/2001 00:00:00;1;5;null;"CTN";04/09/2001 00:00:00
387;76;15;39,21;41,171;07/09/2001 00:00:00;1;5;3;"CTN";07/09/2001 00:00:00
388;23;16;45,28;47,544;04/09/2001 00:00:00;1;5;null;"CTN";04/09/2001 00:00:00
388;76;15;37,21;39,071;07/09/2001 00:00:00;1;5;3;"CTN";07/09/2001 00:00:00
389;23;16;41,21;43,271;04/09/2001 00:00:00;1;5;null;"CTN";04/09/2001 00:00:00
389;76;15;41,28;43,344;07/09/2001 00:00:00;1;5;null;"CTN";07/09/2001 00:00:00
390;23;16;39,21;41,171;04/09/2001 00:00:00;1;5;null;"CTN";04/09/2001 00:00:00
390;76;15;37,21;39,071;07/09/2001 00:00:00;1;5;3;"CTN";07/09/2001 00:00:00
391;23;16;43,28;45,444;04/09/2001 00:00:00;1;5;null;"CTN";04/09/2001 00:00:00
391;76;15;35,21;36,971;07/09/2001 00:00:00;1;5;3;"CTN";07/09/2001 00:00:00
392;23;16;39,21;41,171;04/09/2001 00:00:00;1;5;null;"CTN";04/09/2001 00:00:00
392;76;15;39,28;41,244;07/09/2001 00:00:00;1;5;3;"CTN";07/09/2001 00:00:00
393;23;16;37,21;39,071;04/09/2001 00:00:00;1;5;null;"CTN";04/09/2001 00:00:00
393;76;15;35,21;36,971;07/09/2001 00:00:00;1;5;null;"CTN";07/09/2001 00:00:00
394;23;16;41,28;43,344;04/09/2001 00:00:00;1;5;null;"CTN";04/09/2001 00:00:00
394;76;15;41,16;43,218;07/09/2001 00:00:00;1;5;3;"CTN";07/09/2001 00:00:00
395;23;16;37,21;39,071;04/09/2001 00:00:00;1;5;null;"CTN";04/09/2001 00:00:00
395;76;15;45,23;47,492;07/09/2001 00:00:00;1;5;3;"CTN";07/09/2001 00:00:00
396;23;16;35,21;36,971;04/09/2001 00:00:00;1;5;null;"CTN";04/09/2001 00:00:00
396;76;15;41,21;43,271;07/09/2001 00:00:00;1;5;null;"CTN";07/09/2001 00:00:00
397;23;16;39,28;41,244;04/09/2001 00:00:00;1;5;null;"CTN";04/09/2001 00:00:00
397;76;15;45,28;47,544;07/09/2001 00:00:00;1;5;null;"CTN";07/09/2001 00:00:00
402;28;15;45,21;47,471;26/09/2001 00:00:00;1;5;3;"CTN";26/09/2001 00:00:00
403;54;19;43,28;45,444;28/09/2001 00:00:00;1;5;null;"CAN";28/09/2001 00:00:00
403;78;17;45,21;47,471;06/09/2001 00:00:00;1;5;3;"CAN";06/09/2001 00:00:00
403;87;15;43,21;45,371;20/09/2001 00:00:00;1;5;3;"CAN";20/09/2001 00:00:00
404;54;19;39,21;41,171;28/09/2001 00:00:00;1;5;null;"CAN";28/09/2001 00:00:00
404;78;17;43,21;45,371;06/09/2001 00:00:00;1;5;3;"CAN";06/09/2001 00:00:00
404;87;15;47,28;49,644;20/09/2001 00:00:00;1;5;3;"CAN";20/09/2001 00:00:00
405;54;19;37,21;39,071;04/09/2001 00:00:00;1;5;null;"CAN";04/09/2001 00:00:00
405;78;17;47,28;49,644;12/09/2001 00:00:00;1;5;3;"CAN";12/09/2001 00:00:00
405;87;15;43,21;45,371;20/09/2001 00:00:00;1;5;3;"CAN";20/09/2001 00:00:00
406;54;19;41,28;43,344;04/09/2001 00:00:00;1;5;null;"CAN";04/09/2001 00:00:00
406;78;17;43,21;45,371;12/09/2001 00:00:00;1;5;3;"CAN";12/09/2001 00:00:00
406;87;15;41,21;43,271;20/09/2001 00:00:00;1;5;3;"CAN";20/09/2001 00:00:00
407;54;19;37,21;39,071;04/09/2001 00:00:00;1;5;null;"CAN";04/09/2001 00:00:00
407;78;17;41,21;43,271;12/09/2001 00:00:00;1;5;null;"CAN";12/09/2001 00:00:00
407;87;15;45,28;47,544;20/09/2001 00:00:00;1;5;null;"CAN";20/09/2001 00:00:00
408;54;19;35,21;36,971;10/09/2001 00:00:00;1;5;null;"CAN";10/09/2001 00:00:00
408;78;17;45,28;47,544;19/09/2001 00:00:00;1;5;3;"CAN";19/09/2001 00:00:00
408;87;15;41,21;43,271;20/09/2001 00:00:00;1;5;3;"CAN";20/09/2001 00:00:00
409;54;19;39,28;41,244;10/09/2001 00:00:00;1;5;null;"CAN";10/09/2001 00:00:00
409;78;17;41,21;43,271;19/09/2001 00:00:00;1;5;3;"CAN";19/09/2001 00:00:00
409;87;15;39,21;41,171;26/09/2001 00:00:00;1;5;3;"CAN";26/09/2001 00:00:00
410;54;19;35,21;36,971;10/09/2001 00:00:00;1;5;null;"CAN";10/09/2001 00:00:00
410;78;17;39,21;41,171;25/09/2001 00:00:00;1;5;3;"CAN";25/09/2001 00:00:00
411;54;19;33,21;34,871;10/09/2001 00:00:00;1;5;null;"CAN";10/09/2001 00:00:00
411;78;17;43,28;45,444;25/09/2001 00:00:00;1;5;null;"CAN";25/09/2001 00:00:00
412;54;19;37,28;39,144;10/09/2001 00:00:00;1;5;null;"CAN";10/09/2001 00:00:00
412;78;17;39,21;41,171;25/09/2001 00:00:00;1;5;3;"CAN";25/09/2001 00:00:00
413;54;19;45,31;47,576;10/09/2001 00:00:00;1;5;null;"CAN";10/09/2001 00:00:00
413;78;17;37,21;39,071;25/09/2001 00:00:00;1;5;null;"CAN";25/09/2001 00:00:00
414;54;19;43,31;45,476;17/09/2001 00:00:00;1;5;null;"CAN";17/09/2001 00:00:00
414;78;17;41,28;43,344;24/08/2001 00:00:00;1;5;3;"CAN";24/08/2001 00:00:00
415;54;19;47,38;49,749;17/09/2001 00:00:00;1;5;null;"CAN";17/09/2001 00:00:00
415;78;17;37,21;39,071;24/08/2001 00:00:00;1;5;3;"CAN";24/08/2001 00:00:00
416;54;19;43,31;45,476;17/09/2001 00:00:00;1;5;null;"CAN";17/09/2001 00:00:00
416;78;17;35,21;36,971;24/08/2001 00:00:00;1;5;3;"CAN";24/08/2001 00:00:00
417;54;19;41,31;43,376;17/09/2001 00:00:00;1;5;null;"CAN";17/09/2001 00:00:00
417;78;17;39,28;41,244;24/08/2001 00:00:00;1;5;null;"CAN";24/08/2001 00:00:00
418;54;19;45,38;47,649;22/09/2001 00:00:00;1;5;null;"CAN";22/09/2001 00:00:00
418;78;17;35,21;36,971;31/08/2001 00:00:00;1;5;3;"CAN";31/08/2001 00:00:00
419;54;19;41,31;43,376;22/09/2001 00:00:00;1;5;null;"CAN";22/09/2001 00:00:00
419;78;17;33,21;34,871;31/08/2001 00:00:00;1;5;3;"CAN";31/08/2001 00:00:00
420;54;19;39,31;41,276;22/09/2001 00:00:00;1;5;null;"CAN";22/09/2001 00:00:00
420;78;17;37,28;39,144;31/08/2001 00:00:00;1;5;3;"CAN";31/08/2001 00:00:00
421;54;19;43,38;45,549;22/09/2001 00:00:00;1;5;null;"CAN";22/09/2001 00:00:00
421;78;17;45,31;47,576;31/08/2001 00:00:00;1;5;3;"CAN";31/08/2001 00:00:00
422;25;19;45,41;47,681;17/09/2001 00:00:00;1;5;null;"CTN";17/09/2001 00:00:00
422;68;16;45,41;47,681;21/09/2001 00:00:00;1;5;null;"CTN";21/09/2001 00:00:00
422;74;17;45,26;47,523;12/09/2001 00:00:00;1;5;null;"CTN";12/09/2001 00:00:00
423;25;19;43,41;45,581;17/09/2001 00:00:00;1;5;null;"CTN";17/09/2001 00:00:00
423;68;16;43,41;45,581;21/09/2001 00:00:00;1;5;null;"CTN";21/09/2001 00:00:00
423;74;17;43,26;45,423;12/09/2001 00:00:00;1;5;null;"CTN";12/09/2001 00:00:00
424;25;19;47,48;49,854;17/09/2001 00:00:00;1;5;null;"CTN";17/09/2001 00:00:00
424;68;16;47,48;49,854;27/09/2001 00:00:00;1;5;null;"CTN";27/09/2001 00:00:00
424;74;17;47,33;49,697;19/09/2001 00:00:00;1;5;null;"CTN";19/09/2001 00:00:00
425;25;19;43,41;45,581;17/09/2001 00:00:00;1;5;null;"CTN";17/09/2001 00:00:00
425;68;16;43,41;45,581;27/09/2001 00:00:00;1;5;null;"CTN";27/09/2001 00:00:00
425;74;17;43,26;45,423;19/09/2001 00:00:00;1;5;null;"CTN";19/09/2001 00:00:00
426;25;19;41,41;43,481;17/09/2001 00:00:00;1;5;null;"CTN";17/09/2001 00:00:00
426;68;16;41,41;43,481;27/09/2001 00:00:00;1;5;null;"CTN";27/09/2001 00:00:00
426;74;17;41,26;43,323;19/09/2001 00:00:00;1;5;null;"CTN";19/09/2001 00:00:00
427;25;19;45,48;47,754;22/09/2001 00:00:00;1;5;null;"CTN";22/09/2001 00:00:00
427;68;16;45,48;47,754;03/09/2001 00:00:00;1;5;null;"CTN";03/09/2001 00:00:00
427;74;17;45,33;47,597;25/09/2001 00:00:00;1;5;null;"CTN";25/09/2001 00:00:00
428;25;19;41,41;43,481;22/09/2001 00:00:00;1;5;null;"CTN";22/09/2001 00:00:00
428;68;16;41,41;43,481;03/09/2001 00:00:00;1;5;null;"CTN";03/09/2001 00:00:00
428;74;17;41,26;43,323;25/09/2001 00:00:00;1;5;null;"CTN";25/09/2001 00:00:00
429;25;19;39,41;41,381;22/09/2001 00:00:00;1;5;null;"CTN";22/09/2001 00:00:00
429;68;16;39,41;41,381;03/09/2001 00:00:00;1;5;null;"CTN";03/09/2001 00:00:00
429;74;17;39,26;41,223;24/08/2001 00:00:00;1;5;null;"CTN";24/08/2001 00:00:00
430;25;19;43,48;45,654;22/09/2001 00:00:00;1;5;null;"CTN";22/09/2001 00:00:00
430;68;16;43,48;45,654;03/09/2001 00:00:00;1;5;null;"CTN";03/09/2001 00:00:00
430;74;17;43,33;45,497;24/08/2001 00:00:00;1;5;null;"CTN";24/08/2001 00:00:00
431;25;19;39,41;41,381;22/09/2001 00:00:00;1;5;null;"CTN";22/09/2001 00:00:00
431;68;16;39,41;41,381;03/09/2001 00:00:00;1;5;null;"CTN";03/09/2001 00:00:00
431;74;17;39,26;41,223;24/08/2001 00:00:00;1;5;null;"CTN";24/08/2001 00:00:00
432;25;19;37,41;39,281;22/09/2001 00:00:00;1;5;null;"CTN";22/09/2001 00:00:00
432;68;16;37,41;39,281;03/09/2001 00:00:00;1;5;null;"CTN";03/09/2001 00:00:00
432;74;17;37,26;39,123;24/08/2001 00:00:00;1;5;null;"CTN";24/08/2001 00:00:00
433;25;19;41,48;43,554;28/09/2001 00:00:00;1;5;null;"CTN";28/09/2001 00:00:00
433;68;16;41,48;43,554;10/09/2001 00:00:00;1;5;null;"CTN";10/09/2001 00:00:00
433;74;17;41,33;43,397;31/08/2001 00:00:00;1;5;null;"CTN";31/08/2001 00:00:00
434;25;19;37,41;39,281;28/09/2001 00:00:00;1;5;null;"CTN";28/09/2001 00:00:00
434;68;16;37,41;39,281;10/09/2001 00:00:00;1;5;null;"CTN";10/09/2001 00:00:00
434;74;17;37,26;39,123;31/08/2001 00:00:00;1;5;null;"CTN";31/08/2001 00:00:00
435;25;19;35,41;37,181;28/09/2001 00:00:00;1;5;null;"CTN";28/09/2001 00:00:00
435;68;16;35,41;37,181;10/09/2001 00:00:00;1;5;null;"CTN";10/09/2001 00:00:00
435;74;17;35,26;37,023;31/08/2001 00:00:00;1;5;null;"CTN";31/08/2001 00:00:00
436;25;19;39,48;41,454;28/09/2001 00:00:00;1;5;null;"CTN";28/09/2001 00:00:00
436;68;16;39,48;41,454;10/09/2001 00:00:00;1;5;null;"CTN";10/09/2001 00:00:00
436;74;17;39,33;41,297;31/08/2001 00:00:00;1;5;null;"CTN";31/08/2001 00:00:00
437;25;19;35,41;37,181;10/09/2001 00:00:00;1;5;null;"CTN";10/09/2001 00:00:00
437;68;16;35,41;37,181;17/09/2001 00:00:00;1;5;null;"CTN";17/09/2001 00:00:00
437;74;17;35,26;37,023;06/09/2001 00:00:00;1;5;null;"CTN";06/09/2001 00:00:00
438;7;16;45,41;47,681;17/09/2001 00:00:00;1;5;null;"CTN";17/09/2001 00:00:00
438;51;17;39,26;41,223;25/09/2001 00:00:00;1;5;null;"CTN";25/09/2001 00:00:00
439;7;16;43,41;45,581;17/09/2001 00:00:00;1;5;null;"CTN";17/09/2001 00:00:00
439;51;17;43,33;45,497;25/09/2001 00:00:00;1;5;null;"CTN";25/09/2001 00:00:00
440;7;16;47,48;49,854;17/09/2001 00:00:00;1;5;null;"CTN";17/09/2001 00:00:00
440;51;17;39,26;41,223;06/09/2001 00:00:00;1;5;null;"CTN";06/09/2001 00:00:00
441;7;16;43,41;45,581;17/09/2001 00:00:00;1;5;null;"CTN";17/09/2001 00:00:00
441;51;17;37,26;39,123;06/09/2001 00:00:00;1;5;null;"CTN";06/09/2001 00:00:00
442;7;16;41,41;43,481;22/09/2001 00:00:00;1;5;null;"CTN";22/09/2001 00:00:00
442;51;17;41,33;43,397;06/09/2001 00:00:00;1;5;null;"CTN";06/09/2001 00:00:00
443;7;16;45,48;47,754;22/09/2001 00:00:00;1;5;null;"CTN";22/09/2001 00:00:00
443;51;17;37,26;39,123;06/09/2001 00:00:00;1;5;null;"CTN";06/09/2001 00:00:00
444;7;16;41,41;43,481;22/09/2001 00:00:00;1;5;null;"CTN";22/09/2001 00:00:00
444;51;17;35,26;37,023;12/09/2001 00:00:00;1;5;null;"CTN";12/09/2001 00:00:00
445;7;16;39,41;41,381;28/09/2001 00:00:00;1;5;null;"CTN";28/09/2001 00:00:00
445;51;17;39,33;41,297;12/09/2001 00:00:00;1;5;null;"CTN";12/09/2001 00:00:00
446;7;16;43,48;45,654;28/09/2001 00:00:00;1;5;null;"CTN";28/09/2001 00:00:00
446;51;17;35,26;37,023;12/09/2001 00:00:00;1;5;null;"CTN";12/09/2001 00:00:00
447;7;16;39,41;41,381;28/09/2001 00:00:00;1;5;null;"CTN";28/09/2001 00:00:00
447;51;17;45,41;47,681;12/09/2001 00:00:00;1;5;null;"CTN";12/09/2001 00:00:00
448;7;16;37,41;39,281;28/09/2001 00:00:00;1;5;null;"CTN";28/09/2001 00:00:00
448;51;17;43,41;45,581;19/09/2001 00:00:00;1;5;null;"CTN";19/09/2001 00:00:00
449;7;16;41,48;43,554;28/09/2001 00:00:00;1;5;null;"CTN";28/09/2001 00:00:00
449;51;17;47,48;49,854;19/09/2001 00:00:00;1;5;null;"CTN";19/09/2001 00:00:00
450;7;16;37,41;39,281;22/08/2001 00:00:00;1;5;null;"CTN";22/08/2001 00:00:00
450;51;17;43,41;45,581;19/09/2001 00:00:00;1;5;null;"CTN";19/09/2001 00:00:00
451;7;16;35,41;37,181;22/08/2001 00:00:00;1;5;null;"CTN";22/08/2001 00:00:00
451;51;17;41,41;43,481;19/09/2001 00:00:00;1;5;null;"CTN";19/09/2001 00:00:00
452;7;16;39,48;41,454;22/08/2001 00:00:00;1;5;null;"CTN";22/08/2001 00:00:00
452;51;17;45,48;47,754;19/09/2001 00:00:00;1;5;null;"CTN";19/09/2001 00:00:00
453;7;16;35,41;37,181;22/08/2001 00:00:00;1;5;null;"CTN";22/08/2001 00:00:00
453;51;17;41,41;43,481;19/09/2001 00:00:00;1;5;null;"CTN";19/09/2001 00:00:00
454;7;16;45,26;47,523;22/08/2001 00:00:00;1;5;null;"CTN";22/08/2001 00:00:00
454;51;17;39,41;41,381;19/09/2001 00:00:00;1;5;null;"CTN";19/09/2001 00:00:00
455;7;16;43,26;45,423;22/08/2001 00:00:00;1;5;null;"CTN";22/08/2001 00:00:00
455;51;17;43,48;45,654;19/09/2001 00:00:00;1;5;null;"CTN";19/09/2001 00:00:00
456;7;16;47,33;49,697;22/08/2001 00:00:00;1;5;null;"CTN";22/08/2001 00:00:00
456;51;17;39,41;41,381;19/09/2001 00:00:00;1;5;null;"CTN";19/09/2001 00:00:00
457;7;16;43,26;45,423;22/08/2001 00:00:00;1;5;null;"CTN";22/08/2001 00:00:00
457;51;17;37,41;39,281;19/09/2001 00:00:00;1;5;null;"CTN";19/09/2001 00:00:00
458;7;16;41,26;43,323;22/08/2001 00:00:00;1;5;null;"CTN";22/08/2001 00:00:00
458;51;17;41,48;43,554;19/09/2001 00:00:00;1;5;null;"CTN";19/09/2001 00:00:00
459;7;16;45,33;47,597;22/08/2001 00:00:00;1;5;null;"CTN";22/08/2001 00:00:00
459;51;17;37,41;39,281;19/09/2001 00:00:00;1;5;null;"CTN";19/09/2001 00:00:00
460;7;16;41,26;43,323;22/08/2001 00:00:00;1;5;null;"CTN";22/08/2001 00:00:00
460;51;17;35,41;37,181;19/09/2001 00:00:00;1;5;null;"CTN";19/09/2001 00:00:00
461;51;17;39,48;41,454;19/09/2001 00:00:00;1;5;null;"DZ ";19/09/2001 00:00:00
462;1;18;45,41;47,681;27/09/2001 00:00:00;1;5;3;"CS ";27/09/2001 00:00:00
463;37;18;45,26;47,523;27/09/2001 00:00:00;1;5;null;"CAN";27/09/2001 00:00:00
464;37;18;43,26;45,423;27/09/2001 00:00:00;1;5;null;"CAN";27/09/2001 00:00:00
465;37;18;47,33;49,697;27/09/2001 00:00:00;1;5;null;"CAN";27/09/2001 00:00:00
466;37;18;43,26;45,423;27/09/2001 00:00:00;1;5;null;"CAN";27/09/2001 00:00:00
467;37;18;41,26;43,323;08/09/2001 00:00:00;1;5;null;"CAN";08/09/2001 00:00:00
468;37;18;45,33;47,597;14/09/2001 00:00:00;1;5;null;"CAN";14/09/2001 00:00:00
469;37;18;41,26;43,323;14/09/2001 00:00:00;1;5;null;"CAN";14/09/2001 00:00:00
470;37;18;39,26;41,223;14/09/2001 00:00:00;1;5;null;"CAN";14/09/2001 00:00:00
471;37;18;43,33;45,497;14/09/2001 00:00:00;1;5;null;"CAN";14/09/2001 00:00:00
472;37;18;39,26;41,223;14/09/2001 00:00:00;1;5;null;"CAN";14/09/2001 00:00:00
473;37;18;37,26;39,123;21/09/2001 00:00:00;1;5;null;"CAN";21/09/2001 00:00:00
474;37;18;41,33;43,397;21/09/2001 00:00:00;1;5;null;"CAN";21/09/2001 00:00:00
475;37;18;37,26;39,123;21/09/2001 00:00:00;1;5;null;"CAN";21/09/2001 00:00:00
476;77;15;15,13;15,887;20/09/2001 00:00:00;100;1000;300;"EA ";20/09/2001 00:00:00
477;77;15;11,11;11,666;20/09/2001 00:00:00;100;1000;300;"EA ";20/09/2001 00:00:00
478;77;15;10,56;11,088;26/09/2001 00:00:00;100;1000;null;"EA ";26/09/2001 00:00:00
479;77;15;15,13;15,887;26/09/2001 00:00:00;100;1000;300;"EA ";26/09/2001 00:00:00
480;77;15;11,11;11,666;26/09/2001 00:00:00;100;1000;null;"EA ";26/09/2001 00:00:00
481;77;15;10,56;11,088;13/09/2001 00:00:00;100;1000;300;"EA ";13/09/2001 00:00:00
482;77;15;8,34;8,757;13/09/2001 00:00:00;100;1000;300;"EA ";13/09/2001 00:00:00
483;77;15;9,23;9,692;13/09/2001 00:00:00;100;1000;null;"EA ";13/09/2001 00:00:00
484;77;15;6,55;6,878;13/09/2001 00:00:00;100;1000;300;"EA ";13/09/2001 00:00:00
485;77;15;7,43;7,802;13/09/2001 00:00:00;100;1000;300;"EA ";13/09/2001 00:00:00
486;77;15;8,34;8,757;13/09/2001 00:00:00;100;1000;null;"EA ";13/09/2001 00:00:00
487;77;15;5,53;5,807;13/09/2001 00:00:00;100;1000;300;"EA ";13/09/2001 00:00:00
488;77;15;8,44;8,862;13/09/2001 00:00:00;100;1000;300;"EA ";13/09/2001 00:00:00
489;77;15;9,97;10,469;13/09/2001 00:00:00;100;1000;null;"EA ";13/09/2001 00:00:00
490;61;16;12,11;12,716;27/09/2001 00:00:00;1;5;null;"CAN";27/09/2001 00:00:00
490;75;16;11,77;12,359;28/09/2001 00:00:00;1;5;null;"CAN";28/09/2001 00:00:00
491;30;15;19,03;19,982;26/09/2001 00:00:00;1;5;3;"CAN";26/09/2001 00:00:00
491;61;16;18,99;19,94;27/09/2001 00:00:00;1;5;null;"CAN";27/09/2001 00:00:00
492;10;16;48,33;50,747;21/09/2001 00:00:00;20;100;null;"GAL";21/09/2001 00:00:00
492;86;17;47,87;50,264;19/09/2001 00:00:00;20;100;60;"GAL";19/09/2001 00:00:00
493;10;16;55,49;58,265;21/09/2001 00:00:00;20;100;null;"GAL";21/09/2001 00:00:00
493;86;17;54,43;57,152;19/09/2001 00:00:00;20;100;null;"GAL";19/09/2001 00:00:00
494;10;16;48,33;50,747;27/09/2001 00:00:00;20;100;null;"GAL";27/09/2001 00:00:00
494;86;17;50,67;53,204;25/09/2001 00:00:00;20;100;60;"GAL";25/09/2001 00:00:00
495;10;16;59,93;62,927;27/09/2001 00:00:00;20;100;null;"GAL";27/09/2001 00:00:00
495;86;17;60,66;63,693;25/09/2001 00:00:00;20;100;null;"GAL";25/09/2001 00:00:00
496;10;16;47,29;49,655;27/09/2001 00:00:00;20;100;null;"GAL";27/09/2001 00:00:00
496;86;17;46,58;48,909;25/09/2001 00:00:00;20;100;null;"GAL";25/09/2001 00:00:00
497;46;17;32,56;34,188;25/09/2001 00:00:00;1;5;3;"CS ";25/09/2001 00:00:00
504;81;17;46,44;48,762;25/09/2001 00:00:00;1;5;3;"CS ";25/09/2001 00:00:00
505;58;16;42,11;44,216;28/09/2001 00:00:00;1;5;3;"CS ";28/09/2001 00:00:00
506;93;15;8,76;9,198;26/09/2001 00:00:00;20;100;60;"DZ ";26/09/2001 00:00:00
507;4;15;22,28;23,394;26/09/2001 00:00:00;100;1000;null;"EA ";26/09/2001 00:00:00
507;44;15;21,11;22,166;26/09/2001 00:00:00;100;1000;null;"EA ";26/09/2001 00:00:00
508;4;15;26,33;27,647;26/09/2001 00:00:00;100;1000;null;"EA ";26/09/2001 00:00:00
508;44;15;27,89;29,285;26/09/2001 00:00:00;100;1000;null;"EA ";26/09/2001 00:00:00
509;53;16;34,55;36,278;27/09/2001 00:00:00;100;1000;null;"EA ";27/09/2001 00:00:00
510;2;15;21,98;23,079;26/09/2001 00:00:00;100;1000;300;"EA ";26/09/2001 00:00:00
510;56;18;22,29;23,405;27/09/2001 00:00:00;100;1000;null;"EA ";27/09/2001 00:00:00
511;2;15;27,88;29,274;26/09/2001 00:00:00;100;1000;300;"EA ";26/09/2001 00:00:00
511;56;18;26,54;27,867;27/09/2001 00:00:00;100;1000;null;"EA ";27/09/2001 00:00:00
512;2;15;33,31;34,976;26/09/2001 00:00:00;100;1000;300;"EA ";26/09/2001 00:00:00
512;92;17;35,32;37,086;25/09/2001 00:00:00;100;1000;null;"EA ";25/09/2001 00:00:00
513;3;19;37,33;39,197;28/09/2001 00:00:00;100;1000;null;"EA ";28/09/2001 00:00:00
513;11;17;25,33;26,597;25/09/2001 00:00:00;100;1000;null;"EA ";25/09/2001 00:00:00
523;27;17;10,22;10,731;25/09/2001 00:00:00;100;1000;300;"EA ";25/09/2001 00:00:00
523;66;16;9,89;10,385;27/09/2001 00:00:00;100;1000;null;"EA ";27/09/2001 00:00:00
524;27;17;13,45;14,123;25/09/2001 00:00:00;100;1000;300;"EA ";25/09/2001 00:00:00
524;96;18;12,35;12,968;27/09/2001 00:00:00;100;1000;null;"EA ";27/09/2001 00:00:00
525;31;15;2,21;2,321;26/09/2001 00:00:00;100;1000;null;"EA ";26/09/2001 00:00:00
526;26;15;3,47;3,644;26/09/2001 00:00:00;100;1000;null;"EA ";26/09/2001 00:00:00
527;60;18;6,43;6,752;27/09/2001 00:00:00;100;1000;null;"DZ ";27/09/2001 00:00:00
528;5;16;36,34;38,157;28/09/2001 00:00:00;1;5;null;"CTN";28/09/2001 00:00:00
530;38;17;15,32;16,086;29/09/2001 00:00:00;100;1000;null;"EA ";29/09/2001 00:00:00
535;17;15;3,32;3,486;26/09/2001 00:00:00;100;1000;null;"EA ";26/09/2001 00:00:00
679;12;15;5,9;6,195;26/09/2001 00:00:00;100;1000;300;"EA ";26/09/2001 00:00:00
679;64;15;5,5;5,775;20/09/2001 00:00:00;100;1000;300;"EA ";20/09/2001 00:00:00
907;94;19;78,89;82,835;29/09/2001 00:00:00;100;1000;null;"EA ";29/09/2001 00:00:00
908;24;15;20,09;21,095;27/09/2001 00:00:00;100;1000;null;"EA ";27/09/2001 00:00:00
908;45;17;20,09;21,095;13/09/2001 00:00:00;100;1000;null;"EA ";13/09/2001 00:00:00
909;24;15;28,99;30,44;27/09/2001 00:00:00;100;1000;300;"EA ";27/09/2001 00:00:00
909;45;17;28,99;30,44;13/09/2001 00:00:00;100;1000;null;"EA ";13/09/2001 00:00:00
910;45;17;38,99;40,94;20/09/2001 00:00:00;100;1000;null;"EA ";20/09/2001 00:00:00
910;52;18;38,99;40,94;27/09/2001 00:00:00;100;1000;300;"EA ";27/09/2001 00:00:00
911;39;18;20,09;21,095;27/09/2001 00:00:00;100;1000;null;"EA ";27/09/2001 00:00:00
911;45;17;20,09;21,095;20/09/2001 00:00:00;100;1000;null;"EA ";20/09/2001 00:00:00
912;39;18;28,99;30,44;27/09/2001 00:00:00;100;1000;null;"EA ";27/09/2001 00:00:00
912;45;17;28,99;30,44;20/09/2001 00:00:00;100;1000;null;"EA ";20/09/2001 00:00:00
913;24;15;38,99;40,94;27/09/2001 00:00:00;100;1000;300;"EA ";27/09/2001 00:00:00
913;45;17;38,99;40,94;25/09/2001 00:00:00;100;1000;null;"EA ";25/09/2001 00:00:00
914;45;17;20,09;21,095;25/09/2001 00:00:00;100;1000;null;"EA ";25/09/2001 00:00:00
914;87;15;20,09;21,095;26/09/2001 00:00:00;100;1000;null;"EA ";26/09/2001 00:00:00
915;45;17;28,99;30,44;06/09/2001 00:00:00;100;1000;null;"EA ";06/09/2001 00:00:00
915;87;15;28,99;30,44;26/09/2001 00:00:00;100;1000;300;"EA ";26/09/2001 00:00:00
916;45;17;38,99;40,94;06/09/2001 00:00:00;100;1000;null;"EA ";06/09/2001 00:00:00
916;87;15;38,99;40,94;26/09/2001 00:00:00;100;1000;null;"EA ";26/09/2001 00:00:00
921;98;19;5,32;5,586;29/09/2001 00:00:00;100;1000;null;"EA ";29/09/2001 00:00:00
922;22;19;6,22;6,531;29/09/2001 00:00:00;100;1000;null;"EA ";29/09/2001 00:00:00
923;22;19;5,89;6,185;29/09/2001 00:00:00;100;1000;null;"EA ";29/09/2001 00:00:00
928;55;19;31,21;32,771;28/09/2001 00:00:00;100;1000;null;"EA ";28/09/2001 00:00:00
928;71;19;30,71;32,246;29/09/2001 00:00:00;100;1000;null;"EA ";29/09/2001 00:00:00
929;55;19;35,32;37,086;28/09/2001 00:00:00;100;1000;null;"EA ";28/09/2001 00:00:00
929;71;19;34,82;36,561;29/09/2001 00:00:00;100;1000;null;"EA ";29/09/2001 00:00:00
930;55;19;40,99;43,04;28/09/2001 00:00:00;100;1000;null;"EA ";28/09/2001 00:00:00
930;98;19;40,49;42,515;29/09/2001 00:00:00;100;1000;null;"EA ";29/09/2001 00:00:00
931;33;19;32,71;34,346;28/09/2001 00:00:00;100;1000;null;"EA ";28/09/2001 00:00:00
931;104;19;33,21;34,871;28/09/2001 00:00:00;100;1000;null;"EA ";28/09/2001 00:00:00
932;33;19;37,37;39,239;28/09/2001 00:00:00;100;1000;null;"EA ";28/09/2001 00:00:00
932;104;19;37,87;39,764;28/09/2001 00:00:00;100;1000;null;"EA ";28/09/2001 00:00:00
933;22;19;41,39;43,46;29/09/2001 00:00:00;100;1000;null;"EA ";29/09/2001 00:00:00
933;104;19;41,89;43,985;28/09/2001 00:00:00;100;1000;null;"EA ";28/09/2001 00:00:00
934;22;19;35,83;37,622;29/09/2001 00:00:00;100;1000;null;"EA ";29/09/2001 00:00:00
934;104;19;36,33;38,147;28/09/2001 00:00:00;100;1000;null;"EA ";28/09/2001 00:00:00
935;73;15;29,99;31,49;26/09/2001 00:00:00;100;1000;null;"EA ";26/09/2001 00:00:00
935;88;18;29,99;31,49;27/09/2001 00:00:00;100;1000;300;"EA ";27/09/2001 00:00:00
936;73;15;45,99;48,29;26/09/2001 00:00:00;100;1000;null;"EA ";26/09/2001 00:00:00
936;88;18;45,99;48,29;27/09/2001 00:00:00;100;1000;300;"EA ";27/09/2001 00:00:00
937;43;18;59,99;62,99;27/09/2001 00:00:00;100;1000;300;"EA ";27/09/2001 00:00:00
938;35;16;29,99;31,49;28/09/2001 00:00:00;100;1000;300;"EA ";28/09/2001 00:00:00
938;53;16;29,99;31,49;27/09/2001 00:00:00;100;1000;null;"EA ";27/09/2001 00:00:00
939;35;16;45,99;48,29;28/09/2001 00:00:00;100;1000;300;"EA ";28/09/2001 00:00:00
939;53;16;45,99;48,29;27/09/2001 00:00:00;100;1000;null;"EA ";27/09/2001 00:00:00
940;17;15;59,99;62,99;26/09/2001 00:00:00;100;1000;null;"EA ";26/09/2001 00:00:00
941;80;17;59,99;62,99;25/09/2001 00:00:00;100;1000;null;"EA ";25/09/2001 00:00:00
948;94;19;78,89;82,835;29/09/2001 00:00:00;100;1000;null;"EA ";29/09/2001 00:00:00
952;72;19;14,99;15,74;29/09/2001 00:00:00;20;100;60;"DZ ";29/09/2001 00:00:00
