"ProductID";"LocationID";"Shelf";"Bin";"Quantity";"rowguid";"ModifiedDate"
1;1;"A";1;408;0x4642A247436CEB48968F025738A8A410;08/09/2004 00:00:00
1;6;"B";5;324;0x7D4D54D4F5CAB346AB225718DCC26B5E;08/09/2004 00:00:00
1;50;"A";5;353;0x60DCF7BFA896CA4381A7D6D2ED3000A8;08/09/2004 00:00:00
2;1;"A";2;427;0x7AC007F414CA8446A02C608BD00C2233;08/09/2004 00:00:00
2;6;"B";1;318;0xF4F21FCAFB4860498D923940B633E4C1;08/09/2004 00:00:00
2;50;"A";6;364;0xEEFB8CD34763B147B0330E278CCA03E2;08/09/2004 00:00:00
3;1;"A";7;585;0x9B518AE15EFB5140874C58CD58436C95;02/05/1998 00:00:00
3;6;"B";9;443;0x960C863CFF15F44D91D7B237FF64480F;02/05/1998 00:00:00
3;50;"A";10;324;0xE3E539138E1F824BA447A8666A264F0C;02/05/1998 00:00:00
4;1;"A";6;512;0xA0F0EA6B1A97E14C96FE692807D5DC00;08/09/2004 00:00:00
4;6;"B";10;422;0x7A42822CF1637748A1F6A27B4D201EB6;08/09/2004 00:00:00
4;50;"A";11;388;0x692E91FDA2EFB74A82A403F5101AF11C;08/09/2004 00:00:00
316;5;"A";11;532;0xD3DBE31E7E2ADC47AF991B585575EFB9;02/05/1998 00:00:00
316;10;"B";1;388;0xD7242ACB709B404188369EB7592621D3;02/05/1998 00:00:00
316;50;"B";8;441;0xA375B3362A02BF45B425DBFFAAC3145A;02/05/1998 00:00:00
317;1;"C";1;283;0xCFC14FC02B1D8044BA1364C6EF780F4B;09/09/2004 00:00:00
317;5;"A";1;158;0x732A3383A9481D4095F4385C944D716F;09/09/2004 00:00:00
317;50;"A";21;152;0x0CC9724067A8644F882FEC45ADA1B79C;09/09/2004 00:00:00
318;1;"C";2;136;0xD3EF87F2C5CC44439F4AE588BBF29801;09/09/2004 00:00:00
318;5;"A";2;171;0xE83222B6B590A14DBFE1453AA1917EFC;09/09/2004 00:00:00
318;50;"A";22;132;0x16C558D7BFD9A64A8E57F5BD6D568F97;09/09/2004 00:00:00
319;1;"C";3;308;0x1F8267738BBB024186EDA7FB7054F8E1;09/09/2004 00:00:00
319;5;"A";3;184;0xAC60B7BF6707764F867049488D0F731D;09/09/2004 00:00:00
319;50;"A";23;305;0x76CCBBFE6427A348A08677D1E883137C;09/09/2004 00:00:00
320;1;"C";4;481;0xCD4E13BDDAD46C40A7CE7EC40F9BCF34;09/09/2004 00:00:00
320;5;"A";4;372;0x07BAEDDE1B17384088A5A57166E8F446;09/09/2004 00:00:00
320;50;"A";24;283;0xB328EF4F52663A4D999B00784D401E42;09/09/2004 00:00:00
321;1;"C";6;569;0x09CFDBAFF8103C4F86E1379310FFBFE3;09/09/2004 00:00:00
321;5;"A";6;540;0x6741FC65096AC946A262632B945B2FBB;09/09/2004 00:00:00
321;50;"A";26;641;0x86EE91B26ECB744DB47DB8B0794CA9C4;09/09/2004 00:00:00
322;1;"C";7;622;0x91D7267784A75447B144BB25C9E2F38A;09/09/2004 00:00:00
322;5;"A";7;587;0xB91BDA042596714EB86193F64A3A53DC;09/09/2004 00:00:00
322;50;"A";27;475;0xD01ED50215AFE944A35586433710B0C0;09/09/2004 00:00:00
323;1;"C";35;603;0x853986F701C0D544A939554C67DF203A;09/09/2004 00:00:00
323;5;"A";12;568;0xC57B63BD67EB24448F92DCA208276E6F;09/09/2004 00:00:00
323;50;"A";28;513;0x62AE8D9698EAFE49B190D1EC7B9E9F0C;09/09/2004 00:00:00
324;1;"C";36;585;0xDEBCE3C6395FEF40B253AD2B018AB1CC;02/05/1998 00:00:00
324;5;"A";13;568;0x74BFC9AE060E8141B6C7C8FA41126A4E;02/05/1998 00:00:00
324;50;"A";29;476;0xD49FE6CEEC22834DB9ECC0AF63967839;02/05/1998 00:00:00
325;1;"H";1;569;0x35C94A628E86E0408668950451746F90;12/09/2004 00:00:00
325;6;"G";1;540;0xFBBB93CF91A31343814D82D62FBE1AFB;12/09/2004 00:00:00
325;60;"A";1;641;0xB25027D48A2C57449DDA4B43CBDC4594;12/09/2004 00:00:00
326;1;"H";2;622;0x0958A7719E8B874F86878BDD367F2F72;12/09/2004 00:00:00
326;6;"G";2;587;0x627077676AA8ED4FBF8FF7641EDF9444;12/09/2004 00:00:00
326;60;"A";2;475;0xF8A7DAEA62E9C446977F05538C494BCD;12/09/2004 00:00:00
327;5;"K";1;408;0x09D3AD61EF16D4409853548F4EFDC40C;02/05/1998 00:00:00
327;10;"F";1;443;0xBB893C556320E348966FB557EFD1F4E9;02/05/1998 00:00:00
327;50;"B";9;513;0xF8D1AAA338BA6C4F99D3DBC5E2BC9774;02/05/1998 00:00:00
328;5;"A";8;568;0x5D8852BFA3742B428C758A46350D9A6D;02/05/1998 00:00:00
328;10;"D";1;585;0xB465C8C6B20DB7449D5F12D43B75F803;02/05/1998 00:00:00
328;50;"A";14;476;0x0F8052EA44A34A4C9E37D48A67FBBB6C;02/05/1998 00:00:00
329;5;"A";9;558;0xA317147AEA21A14DB3D1E85BAB7D8A9E;02/05/1998 00:00:00
329;10;"D";2;576;0x8AB36DAD7B99D84AA03B7F38F8C3B7E1;02/05/1998 00:00:00
329;50;"A";15;467;0xCB42B86C2F7B894D91873C81630FB907;02/05/1998 00:00:00
330;5;"A";10;548;0x451397AD63BFD447975DC56A6081FF0A;02/05/1998 00:00:00
330;10;"D";3;566;0xD78998FF42E26147ACE0EB0D95147FA8;02/05/1998 00:00:00
330;50;"A";16;457;0xF66AD9E64C7EF7469A2C5E94CF403888;02/05/1998 00:00:00
331;5;"J";5;574;0x8A412DD595C2B94CA4108EE245FC61A7;02/05/1998 00:00:00
331;10;"C";6;441;0x2614251D8F735A4B96C23C9226E18905;02/05/1998 00:00:00
331;50;"A";12;390;0x210999853FD4F94190955863D687BB43;02/05/1998 00:00:00
332;5;"J";6;344;0x0F681A17907ADF45980D48757F4B4EB4;12/09/2004 00:00:00
332;10;"C";7;233;0x3CDC237ADC9BA54ABA410C4E9F4B6E18;12/09/2004 00:00:00
332;50;"A";13;267;0x32768FC04C25EA43BF108EC79BBB4374;12/09/2004 00:00:00
341;1;"E";4;372;0xCAD5EE005C527441885D846DEEFC223E;12/09/2004 00:00:00
341;50;"G";10;392;0x1ECAB7AF916F9B45B50831D773564AC8;12/09/2004 00:00:00
341;60;"S";1;339;0xC99179A02FCE8140A5F3AC4DE98BA485;12/09/2004 00:00:00
342;1;"E";5;369;0xC862A2FE98D4774BB8FE82258AFF6AD6;12/09/2004 00:00:00
342;50;"G";12;388;0x97306CECF6170841A55B3C239A965360;12/09/2004 00:00:00
342;60;"G";11;336;0xE0FC4275F7B9EC429671A4809C568743;12/09/2004 00:00:00
343;1;"E";6;568;0x72002CA8189A1843A62A92304EEB0443;10/09/2004 00:00:00
343;50;"S";3;606;0x1F9A6A651E6F754D9CA5FCD0FE3CC27B;10/09/2004 00:00:00
343;60;"S";2;499;0x37605D0FC6A8B44992B8A50DC5880372;10/09/2004 00:00:00
344;1;"E";7;358;0xAB770C00D6C18E4FA66DED8068140D8C;10/09/2004 00:00:00
344;50;"G";14;332;0x92B1D66A3E07FE4997B01567C4F40778;10/09/2004 00:00:00
344;60;"G";13;382;0x0BC55E0A5D6C084EB126516EBA2006D3;10/09/2004 00:00:00
345;1;"E";8;321;0x89EEE0056284524BBC3C7C7735214C05;10/09/2004 00:00:00
345;50;"G";15;315;0xDACFA2D4A3F3654A80B5CCC70B046D4C;10/09/2004 00:00:00
345;60;"S";4;300;0x38221A33E4A08546ADFDF5B4F1AF9A5F;10/09/2004 00:00:00
346;1;"E";9;585;0x466FBC11DC107147AC9AE2179F1B2461;10/09/2004 00:00:00
346;50;"S";6;476;0x7170F13889FEB24CACE2CCB8F0CF0F7E;10/09/2004 00:00:00
346;60;"S";5;641;0x4AF9A62492DA664591C859218A6CB9D9;10/09/2004 00:00:00
347;1;"E";10;318;0x47A295722822B04482180CB9908A5AC4;12/09/2004 00:00:00
347;50;"G";17;246;0x3B4EDD87784AA4479D45685A43C91B8E;12/09/2004 00:00:00
347;60;"G";16;332;0xB1AF6A20F715C44DB8EEB3EB772EEB4D;12/09/2004 00:00:00
348;1;"E";11;323;0x4181ABCD96289D4BA3325F726EE6CB23;12/09/2004 00:00:00
348;50;"S";8;251;0xAAE98F0D4AD64248985642AAD33DE485;12/09/2004 00:00:00
348;60;"S";7;337;0x728D593E2091EA429FA7A0E2929E2538;12/09/2004 00:00:00
349;1;"E";12;328;0x0F150971A314AC4EB72FE128B3044ABF;12/09/2004 00:00:00
349;50;"G";18;256;0xFD834C6018595149B8A22D047C0768AB;12/09/2004 00:00:00
349;60;"S";9;342;0xE7442C3345F1B24BBB36FE8F9BD93596;12/09/2004 00:00:00
350;5;"J";2;622;0xE41FBE5067C7D941BD46748A31A0768D;02/05/1998 00:00:00
350;10;"C";3;406;0x506E272EA2EF024CB1C14999E16A1799;02/05/1998 00:00:00
350;50;"A";2;313;0x32C4239A8BBA054FB7B494E451F01C24;02/05/1998 00:00:00
351;5;"J";3;179;0xA687F5D19FA2A64788E530E9ECA52AB3;10/09/2004 00:00:00
351;10;"C";4;281;0x8F062787493B3140AE7431DE17693D6B;10/09/2004 00:00:00
351;50;"A";3;145;0x7F2B96A10EECAC4380BBA04E7CF0E31D;10/09/2004 00:00:00
352;5;"J";10;300;0x86F9BEF883C52844A515358CEBEFF3B9;10/09/2004 00:00:00
352;10;"C";1;278;0xCB95EA719064B94DBEB338E565F45630;10/09/2004 00:00:00
352;50;"A";20;195;0xF0AF6B1EFC75174C9B8F164DB2531564;10/09/2004 00:00:00
355;1;"D";16;276;0x65C7D08A04F13544AFEB0BBD74D6B08C;05/09/2004 00:00:00
355;6;"H";16;257;0x7D731D2D77889E4BBAECDA6FE962E19C;05/09/2004 00:00:00
355;50;"C";1;289;0xB48F3C98A3B5E84D97C0C1D050E5848A;05/09/2004 00:00:00
356;1;"D";17;262;0xD4FDE66DE68D8A47A7CB312E68EDD8C6;12/09/2004 00:00:00
356;6;"H";17;243;0xE11930A099CDED43A1C76FF207AD3CE0;12/09/2004 00:00:00
356;50;"C";2;275;0x7D7004D6C2B5CF49A9838934523E186D;12/09/2004 00:00:00
357;1;"D";18;248;0x7BEC92A4A7D2F0489BC666C779AFEAD3;12/09/2004 00:00:00
357;6;"H";18;228;0x31C66A869765064BB0198F040F552E49;12/09/2004 00:00:00
357;50;"C";3;260;0xEBCF79E815511B42BFE27376B72AFB4C;12/09/2004 00:00:00
358;1;"D";19;233;0x0A15ABDD5C232A4383D20822DB1B057D;12/09/2004 00:00:00
358;6;"H";19;214;0xD9556B53CF5DF14ABC64F19DD5022086;12/09/2004 00:00:00
358;50;"C";4;246;0x31F11105698A7549AA9754F366D8B211;12/09/2004 00:00:00
359;1;"C";8;369;0x7603BC465CADDC4B99D455A959F32163;28/08/2004 00:00:00
359;6;"R";1;360;0xF784742D57F1E143B33F87CE2F94B360;28/08/2004 00:00:00
359;50;"E";1;374;0x0C91B052B193A647B2B7D78F14EBB914;28/08/2004 00:00:00
360;1;"C";9;363;0xD8DA6BB17847AB41984DD2DE2927E3B8;28/08/2004 00:00:00
360;6;"R";2;353;0x451DDE7303D65C4CBD6A78A49943B502;28/08/2004 00:00:00
360;50;"E";2;368;0xD7D3AD0129E367419B7CF3A2C31A25E1;28/08/2004 00:00:00
361;1;"C";10;499;0x6B55B955BFA6E14B8C4B94510D875D60;03/09/2004 00:00:00
361;6;"R";3;601;0x4C725143C718484E8E69F0158E60E823;03/09/2004 00:00:00
361;50;"E";3;531;0x47EB40F32518244EA2F8C3DAAAC9D1BC;03/09/2004 00:00:00
362;1;"C";11;377;0x505F212D78E8FF41BE20C30A74A4502A;03/09/2004 00:00:00
362;6;"R";4;315;0x2536EAD0560C80438363BF79B3DF9870;03/09/2004 00:00:00
362;50;"E";4;334;0xFE4EAD9EA586874794F3045D1636EF3D;03/09/2004 00:00:00
363;1;"C";12;499;0x6CC72B2EE04EA1479A60EA46E3659E4A;03/09/2004 00:00:00
363;6;"R";5;643;0xFAA322738607E64BA2326E9613B4CCD0;03/09/2004 00:00:00
363;50;"E";5;619;0x95B560BA0917B14BA224D9D56DC7C70A;03/09/2004 00:00:00
364;1;"C";13;368;0x16DF3603367E214CBD6E059123A74698;08/09/2004 00:00:00
364;6;"R";6;358;0x08965F0127E36F44B9A19B35386CA195;08/09/2004 00:00:00
364;50;"E";6;326;0x70450185C67B5345B8F540009658E395;08/09/2004 00:00:00
365;1;"C";14;411;0x17857E512E449844BFFE6ED02467EECE;08/09/2004 00:00:00
365;6;"R";7;691;0x0A00E2F7BC426347B78EB8DEB7AEE3AF;08/09/2004 00:00:00
365;50;"E";7;619;0x8C6D0684CEDE1E408E3B8513DB83BA0E;08/09/2004 00:00:00
366;1;"C";15;318;0x846DFE9CED71324088B41B0920740597;28/08/2004 00:00:00
366;6;"R";8;299;0x915CEB09C3F9084C9DD47B1B5E8B54BB;28/08/2004 00:00:00
366;50;"E";8;412;0x94C723DF8E807D41953B4499F97A8768;28/08/2004 00:00:00
367;1;"C";16;643;0x30361C5F240C3A438CF340F4B40606DB;28/08/2004 00:00:00
367;6;"R";9;689;0x11371570AF7AA34D993D9FCE9CF137CB;28/08/2004 00:00:00
367;50;"E";9;569;0x135FD82C800B1243AFBE750362C45F34;28/08/2004 00:00:00
368;1;"C";17;369;0x9537F2ABAB41614E9697725825F2C0E3;28/08/2004 00:00:00
368;6;"R";10;360;0x01AA93A638362C45ABF8F50552BE92D9;28/08/2004 00:00:00
368;50;"E";10;374;0x5661CC3535AE51429856BF15DB9ED147;28/08/2004 00:00:00
369;1;"C";18;363;0x27012F952ACBFB4F90CBE92EB69E7498;28/08/2004 00:00:00
369;6;"R";11;353;0x25D6A3799B13854ABF485C5405E5CAC6;28/08/2004 00:00:00
369;50;"E";11;368;0x8782CA4665B64D4480B12D4AFCA5C039;28/08/2004 00:00:00
370;1;"C";19;252;0xAF88216A6F2B9B4D917E86C78968A293;03/09/2004 00:00:00
370;6;"R";12;155;0x1802FED928550140B11DAA39001C3297;03/09/2004 00:00:00
370;50;"E";12;476;0xA27B93A413ACDF4BBF6F75A94B3408AA;03/09/2004 00:00:00
371;1;"C";20;585;0x6B83BBACCB9C594A887B394899FBA961;03/09/2004 00:00:00
371;6;"R";13;649;0x406C64DAF6BE5548BDF3BA1C29907B99;03/09/2004 00:00:00
371;50;"E";13;547;0x740E7EFC1433384F89B1E809C2E518C7;03/09/2004 00:00:00
372;1;"C";21;281;0x71029744786E134996FBC000CA9BE1F7;03/09/2004 00:00:00
372;6;"R";14;344;0xF26D46683298644A96456FA5783A1F97;03/09/2004 00:00:00
372;50;"E";14;272;0x4B587946E7369242B2D4540EB0BAA4FF;03/09/2004 00:00:00
373;1;"C";22;284;0x19DB5FE9045E6F4FB4ACBEC51F93004C;08/09/2004 00:00:00
373;6;"R";15;347;0x8FA988F81426C64AAF4C0BC0B0E87661;08/09/2004 00:00:00
373;50;"E";15;275;0x9F16FF4E4D6B554DBC9790A5FCF3C9D6;08/09/2004 00:00:00
374;1;"C";23;288;0x4A71327E5C874644A94E26CA13F33B58;08/09/2004 00:00:00
374;6;"R";16;350;0x2F618F8A14A2A04AAE77F0AB1518C29D;08/09/2004 00:00:00
374;50;"E";16;278;0xE2BF265996BF9E46BBDD7217FAAE18C5;08/09/2004 00:00:00
375;1;"C";24;291;0x4E2BD24B984B9D49B3A2A5D848A93B9F;12/09/2004 00:00:00
375;6;"R";17;353;0x81858E7034B82241B095DCADA0A33139;12/09/2004 00:00:00
375;50;"E";17;281;0x305D69291F49254186DEACF27267C6FD;12/09/2004 00:00:00
376;1;"C";25;585;0xDDD31791FCC57442826B6A1E018592E7;12/09/2004 00:00:00
376;6;"R";18;649;0xE50EB35905AA6940914A01A4860DACCC;12/09/2004 00:00:00
376;50;"E";18;547;0x7744D0CF951D6540AD387261F8267D24;12/09/2004 00:00:00
377;1;"C";26;249;0x091B45642DA0974A97E73FD1F603656C;12/09/2004 00:00:00
377;6;"R";19;299;0x3AC860AE8B109E4387CCF209F0F734F1;12/09/2004 00:00:00
377;50;"E";19;393;0x3B1AF2D42FF5254CA3DB07450393A97E;12/09/2004 00:00:00
378;1;"C";27;244;0xEAE99D7F46C841498D0B67BF96CF3ECF;12/09/2004 00:00:00
378;6;"R";20;294;0x23E532BA338A21478EDAF8B7FBB66F84;12/09/2004 00:00:00
378;50;"E";20;388;0xEA883740B80F354A95A56FAD3BA02B5F;12/09/2004 00:00:00
379;1;"C";28;323;0x6B1C6D42590CD4428D488D62BBD19532;19/08/2004 00:00:00
379;6;"R";21;897;0xF10D1278F286144BB0D4782FA1FDF229;19/08/2004 00:00:00
379;50;"E";21;691;0x0DBA4AD9F056BD4FBC2C1917C8BEC2DD;19/08/2004 00:00:00
380;1;"C";29;156;0x6385AE7AD3ADA3478D6DD20A9EC019B5;25/08/2004 00:00:00
380;6;"R";22;264;0xBA5EDE9FE517454AA8E7BA45AAC01314;25/08/2004 00:00:00
380;50;"E";22;350;0x78C040292B3E5141A6D561713F51672C;25/08/2004 00:00:00
381;1;"C";30;163;0x3414B5872D9D9144BD935D7C38C2305E;25/08/2004 00:00:00
381;6;"R";23;270;0xF43D58F70C5CB34DBD311BB00FE8D6C2;25/08/2004 00:00:00
381;50;"E";23;356;0x4CB3CD9A42532F47A185904EAE6D9113;25/08/2004 00:00:00
382;1;"C";31;169;0x4E666D2D2022E249A2634C53BE5C2065;31/08/2004 00:00:00
382;6;"R";24;276;0xF934099EA97BEF4DB901DFBA82C75C5D;31/08/2004 00:00:00
382;50;"E";24;363;0xE30381282C3B7C43B35098F3126CDF6D;31/08/2004 00:00:00
383;1;"C";32;587;0x7573F38FD1BDB84480858FBCBF59B061;31/08/2004 00:00:00
383;6;"R";25;676;0x6BA7F61BC516D6448C8FBA0458FBEEC0;31/08/2004 00:00:00
383;50;"E";25;638;0xED0C1EF2B8EB9842A5D2B4C86019FD3D;31/08/2004 00:00:00
384;1;"C";33;299;0x2000081782EDD644BC2270D48FCB8010;31/08/2004 00:00:00
384;6;"R";26;217;0xEA970CD723BA1D4B9B94CB8DA7420B08;31/08/2004 00:00:00
384;50;"E";26;304;0x2ABDF18EAADB4D4A82E68CA69A67F2C1;31/08/2004 00:00:00
385;1;"C";34;619;0x6B1DE0B2F3623147B05CB3C726300AD0;31/08/2004 00:00:00
385;6;"R";27;526;0xF1FAC76373957F4AB9BBCE0D5999ABBD;31/08/2004 00:00:00
385;50;"E";27;633;0x070BF02A208FB4419141FACC338D46EA;31/08/2004 00:00:00
386;1;"D";1;148;0xD9D4B42B26B8684A8A81CBDDF6DD8847;05/09/2004 00:00:00
386;6;"R";28;192;0x27D5BCC54A54254C9091D71CE3B6F481;05/09/2004 00:00:00
386;50;"E";28;385;0x53BCA052B43D594D937ED27B88EAE7ED;05/09/2004 00:00:00
387;1;"D";2;524;0x4782F6C37DC1334CB93251845CE15B41;05/09/2004 00:00:00
387;6;"R";29;710;0x438F8A6BA90E9A41BB6A1880F396F8BA;05/09/2004 00:00:00
387;50;"E";29;654;0x19666D0CDF804E4190CFD16CF513762A;05/09/2004 00:00:00
388;1;"D";3;292;0x8056D35C12EA9942B8A5C2C34A1C1B2D;05/09/2004 00:00:00
388;6;"R";30;140;0xA5E9B0AD3B3E324D84A4DCABB4800B99;05/09/2004 00:00:00
388;50;"E";30;366;0xFBC584FB0A1F0A43B0A760B5A6039459;05/09/2004 00:00:00
389;1;"D";4;657;0x8094C71BD20B6F40A8BC0044B056BFF1;10/09/2004 00:00:00
389;6;"R";31;691;0xE656E25396313246A449265998C40575;10/09/2004 00:00:00
389;50;"E";31;460;0xC6F7BFE74E0C394781DCB1343FCF0AE6;10/09/2004 00:00:00
390;1;"D";5;292;0xBD3FB9A9DEBCD64EBFB31E2F9A970F29;10/09/2004 00:00:00
390;6;"R";32;140;0x2B7B86F8451AE540AE45E7179B1CF0B6;10/09/2004 00:00:00
390;50;"E";32;366;0xA3EE8399E9D26B468A459DCBA1505CD0;10/09/2004 00:00:00
391;1;"D";6;296;0x8DD54C21F1243749B06A855C53E17511;10/09/2004 00:00:00
391;6;"R";33;144;0x7D4AADAA709A164D9DE246D82415B7EF;10/09/2004 00:00:00
391;50;"E";33;369;0xA34CF4E32785F94591F81D863E1AE757;10/09/2004 00:00:00
392;1;"D";7;299;0x0D6B72E6111FF940890B4BEA7C2384F6;10/09/2004 00:00:00
392;6;"R";34;147;0xD208168A678CBC4481A241FA849AF519;10/09/2004 00:00:00
392;50;"E";34;372;0x115F54012258E143821CBBE6C3D3F0C9;10/09/2004 00:00:00
393;1;"D";8;603;0x53DF7ECE3DF1E7458BCD707C4B53E1C5;10/09/2004 00:00:00
393;6;"R";35;780;0x3475D6CF8233D6439DE35A275D809EA3;10/09/2004 00:00:00
393;50;"E";35;497;0x8CACF7AE95D5FB4DB41E9536FED7A993;10/09/2004 00:00:00
394;1;"D";9;302;0xAE0D09720EC9904BB752E7518C177BB2;12/09/2004 00:00:00
394;6;"R";36;150;0xE7DA7FD78D04E94EBE3742EB722C8117;12/09/2004 00:00:00
394;50;"E";36;459;0x0FE25B3AB6ECB245A94898C47BECE24C;12/09/2004 00:00:00
395;1;"D";10;281;0x9AB8F6AB31197941B85139A49CD83FFF;12/09/2004 00:00:00
395;6;"R";37;355;0x80C0D672919FAC4D8E7AEE4161947A65;12/09/2004 00:00:00
395;50;"E";37;148;0x661AABF0BA42104B9E7561E0E6FD8463;12/09/2004 00:00:00
396;1;"D";11;636;0xF5F00E29BBE17A41A8D81D5E25E791FC;12/09/2004 00:00:00
396;6;"R";38;585;0x785822F7038A67448184C81A8F9BC451;12/09/2004 00:00:00
396;50;"E";38;603;0x58C0367B0CDC044494A2700E6EEB7DE9;12/09/2004 00:00:00
397;1;"D";12;339;0x2F398AF36EDF834BAAAF44FCA31F2443;12/09/2004 00:00:00
397;6;"R";39;550;0xC62BC5C55C890049A4D69699DB354C9D;12/09/2004 00:00:00
397;50;"E";39;763;0x61F27CDE7AED594BB06E5AAA930120FC;12/09/2004 00:00:00
398;5;"B";1;372;0x4FB9405C12901046A30E614E09B73790;02/05/1998 00:00:00
398;10;"B";4;404;0xD5486C1D5183C149988C5B54C8FC19F2;02/05/1998 00:00:00
398;20;"A";3;550;0x1E2899BE29BA3B4E8CEB40EAB801E74E;02/05/1998 00:00:00
399;5;"B";2;366;0xC577F8417CB73E4F9DE1E0065248FF2E;02/05/1998 00:00:00
399;10;"B";5;398;0xB3AE6CA3047E7E46A88458A076A04844;02/05/1998 00:00:00
399;20;"A";4;544;0x1E471925B847B040AD781D9FA2E1922E;02/05/1998 00:00:00
400;5;"B";3;260;0xD450200F37F3E149AF121183E9ECAF68;02/05/1998 00:00:00
400;10;"B";2;246;0x4418C97D3C6C4245978178C256E14F40;02/05/1998 00:00:00
400;20;"A";1;284;0x4247CADCBB7B08438129C1324F1C7DA3;02/05/1998 00:00:00
401;5;"B";4;283;0x43037001461C6547845F9196DAFE6B24;02/05/1998 00:00:00
401;10;"B";3;212;0x85E3C115C0250D489B5ED295483E1027;02/05/1998 00:00:00
401;20;"A";2;302;0xFF597B1BC1CABD4A9A54C912BA36C5B8;02/05/1998 00:00:00
402;1;"F";1;316;0xC6A4284AE2B3FA47867E0AA76682EC90;10/09/2004 00:00:00
402;6;"G";3;353;0x8EB28A0DB9409740868697D9D4E182F7;10/09/2004 00:00:00
402;50;"T";1;321;0x73399D2FE5E6DC47BC731E1B914141D4;10/09/2004 00:00:00
403;1;"F";2;313;0x7F30917B981F1445BF52F5CFA41128A3;09/09/2004 00:00:00
403;6;"G";4;350;0x33BE1B6457C9D140B4EC22A940FC9487;09/09/2004 00:00:00
403;50;"T";2;318;0x22796D44CA61EC4F85840C8339ABF855;09/09/2004 00:00:00
404;1;"F";3;310;0xFA0B610FC6CE2E4E99EF61A91042F6A1;09/09/2004 00:00:00
404;6;"G";5;347;0x14317DC2DCC66F4D814ECB704B152F9D;09/09/2004 00:00:00
404;50;"T";3;315;0x72CF11F5775B7B4AB7777F943EB95B1D;09/09/2004 00:00:00
405;1;"F";4;307;0x8F46BF6C5CFCE04C8E43BF761624B7E2;10/09/2004 00:00:00
405;6;"G";6;344;0x68EA3090282FFC43AE2CFDD57444FC2B;10/09/2004 00:00:00
405;50;"T";4;312;0xD0A072A1D2E4FF40828A394EDC93CEC0;10/09/2004 00:00:00
406;1;"F";5;304;0xBF20E15A8994024D95690AD129FB5611;10/09/2004 00:00:00
406;6;"G";7;340;0xD51675973C836E42ADBA6A4EA45E60A0;10/09/2004 00:00:00
406;50;"T";5;308;0xC3D50EAB8D6A654D8189482345C0DD8E;10/09/2004 00:00:00
407;1;"F";6;460;0x5938527663C4704495E7121C6349D07F;10/09/2004 00:00:00
407;6;"G";8;587;0xFA6EFF83E6EB6645ACCB732B98C89554;10/09/2004 00:00:00
407;50;"T";6;625;0xB81535220102E3458B140F73F2E84DF0;10/09/2004 00:00:00
408;1;"F";7;417;0x82FFBCAE40AD2A49AD72E7A68BB20EF1;07/09/2004 00:00:00
408;6;"G";9;344;0x26A5836CFBE9DA4A84A3C2085D12C29E;07/09/2004 00:00:00
408;50;"T";7;296;0xE55E4A1CB255F6458F4BA9A55B8375E2;07/09/2004 00:00:00
409;1;"F";8;414;0xF02B2702641FA94EB73D8E2C6A1F05E2;07/09/2004 00:00:00
409;6;"G";10;340;0x6F54FE9F3F34F14CA165C43BBF1FC0D8;07/09/2004 00:00:00
409;50;"T";8;292;0xF89DDD5B8632694FBD79B731C7D13111;07/09/2004 00:00:00
410;1;"F";9;411;0x051C3159C09BF44F881097416188CF9B;12/09/2004 00:00:00
410;6;"G";11;337;0x9A02B2C0D6F0FB4E97FD96428834A46B;12/09/2004 00:00:00
410;50;"T";9;289;0xDA72AB9C3C299D4986125EC854F4B021;12/09/2004 00:00:00
411;1;"F";10;603;0x3FC97298AAC4BC49ADDE81230134CD8D;12/09/2004 00:00:00
411;6;"G";12;552;0xAFE6B69CF7C5D648AFCDFDDC14AEC26C;12/09/2004 00:00:00
411;50;"T";10;459;0xFC94210FEAD2BB4D819FCA2C24122A01;12/09/2004 00:00:00
412;1;"F";11;299;0x793CEE103822F64F8DC8974D7FA5557D;12/09/2004 00:00:00
412;6;"G";13;321;0xF82CF9F17A62E54882BC2EA3B58D991D;12/09/2004 00:00:00
412;50;"T";11;156;0x7CFDDDC6866BE646849C63E5A84B8E06;12/09/2004 00:00:00
413;1;"F";12;641;0xCDF66DBC94AAC945AA74110D339A4711;12/09/2004 00:00:00
413;6;"G";14;603;0x55D6B60ED8FB6545B7E1D069062FE50A;12/09/2004 00:00:00
413;50;"T";12;459;0x2D35C4A503113C43B8011E49C53A5E8E;12/09/2004 00:00:00
414;1;"F";13;427;0xAFD4A9244DEC1C41982E49A7DB4517AB;30/08/2004 00:00:00
414;6;"G";15;321;0x9D0BC5C9F581C6488C923AEC825DCC27;30/08/2004 00:00:00
414;50;"T";13;371;0xCD9E3F3333495F4FA8204BCFBF657825;30/08/2004 00:00:00
415;1;"F";14;422;0x12ED07685DC7E74AB03113D7DE3BE0FE;30/08/2004 00:00:00
415;6;"G";16;316;0xAFAF23D57B1A2C4FB9E72C6EAD6E3035;30/08/2004 00:00:00
415;50;"T";14;366;0x052E7161E16E11458C4DEC89265250F5;30/08/2004 00:00:00
416;1;"F";15;417;0x59049D9CC65A544D82B46775D283210C;30/08/2004 00:00:00
416;6;"G";17;312;0xE0F1B1B0EFA2E04BA63FE1BF2BDA3362;30/08/2004 00:00:00
416;50;"T";15;361;0x5CB63D2533486647BC10265984F6F9CB;30/08/2004 00:00:00
417;1;"F";16;572;0x15E5DE8B1E54A641A6F7BF40D2173AC4;04/09/2004 00:00:00
417;6;"G";18;627;0x2E2A9B026A2D384CB38BA986A4DF2452;04/09/2004 00:00:00
417;50;"T";16;516;0xA6A6D684311BE648A5EF8515B8212CF6;04/09/2004 00:00:00
418;1;"F";17;248;0xA3B45F06EFA7C54A9510CE89317719B1;04/09/2004 00:00:00
418;6;"G";19;283;0x710D263A89DD5E4D92717A1CEAB13395;04/09/2004 00:00:00
418;50;"T";17;388;0xD718963A464FA647A22478A4240CF165;04/09/2004 00:00:00
419;1;"F";18;246;0xB3941BB82F9E7546AE20AC358B46A455;04/09/2004 00:00:00
419;6;"G";20;281;0x443A66913BEA724C955DDACCC2CB74AA;04/09/2004 00:00:00
419;50;"T";18;387;0x22E6E586FBE108438DDF2C6EE02E45E7;04/09/2004 00:00:00
420;1;"F";19;244;0x2E596B16BEB6B144AA6941F2D31DCA73;04/09/2004 00:00:00
420;6;"G";21;280;0xAE5BF1EAA9FBD642B37CB512F5E78C7E;04/09/2004 00:00:00
420;50;"T";19;385;0xEA451DA857B93548A47D09B57A8D2FDE;04/09/2004 00:00:00
421;1;"F";20;243;0x8258CC5486B7614EBDF5808011295001;04/09/2004 00:00:00
421;6;"G";22;278;0x9716C0DC43EE644FBC08EDCA25EB8F16;04/09/2004 00:00:00
421;50;"T";20;384;0x6B02E0772AF6234EB8D9D088F5321E9D;04/09/2004 00:00:00
422;1;"K";1;620;0x01EEA6B13CFBA545B5B146274213BA5B;07/09/2004 00:00:00
422;6;"G";23;515;0xD116524FE97E1E4AAFBC2477D7D6EF45;07/09/2004 00:00:00
422;50;"T";21;497;0xBD039030778CF1428489B22AC60AC940;07/09/2004 00:00:00
423;1;"K";2;619;0xBB19320AB274854C8474F6A4A5096A40;07/09/2004 00:00:00
423;6;"G";24;513;0x0357680B1B95A042930A705F7497E430;07/09/2004 00:00:00
423;50;"U";1;496;0x3E61A065E1FF57489BD676BFCBDA05C9;07/09/2004 00:00:00
424;1;"K";3;617;0x67B3E9CF4E93DB4AA58F06DBB4FC02E6;12/09/2004 00:00:00
424;6;"G";25;512;0xFF16F570505F2846ADB379EC23D339BF;12/09/2004 00:00:00
424;50;"U";2;494;0x23B58C3A99D7EB468EAEBA7562610615;12/09/2004 00:00:00
425;1;"K";4;616;0x83C1524FA9B45E4A852D3BAC4FE10364;12/09/2004 00:00:00
425;6;"G";26;510;0x8CD1552ED15ECE4B9F4D182C03A9114B;12/09/2004 00:00:00
425;50;"U";3;492;0xB3335A167FAC1747A4519E2C96250799;12/09/2004 00:00:00
426;1;"K";5;614;0x6A310B5AEEA2004E8FF999A1D3181E6D;12/09/2004 00:00:00
426;6;"G";27;508;0x72576F808D1542448BE62A9E35EB288B;12/09/2004 00:00:00
426;50;"U";4;491;0x88ED1FCAC81B7E48AF6BBD156612B780;12/09/2004 00:00:00
427;1;"K";6;612;0x1E9B3AEEE38CD34A87319B0FF331D22D;01/09/2004 00:00:00
427;6;"G";28;507;0x521AFEABFB439E40A76ADF8642DFCC59;01/09/2004 00:00:00
427;50;"U";5;489;0x04E0A790DB8BAE4098A06B756DCF7E32;01/09/2004 00:00:00
428;1;"K";7;611;0x6880D9029F7A084DB8BCA135495A8C42;01/09/2004 00:00:00
428;6;"G";29;505;0x3D1FC3667014194DBEE37B56B1841731;01/09/2004 00:00:00
428;50;"U";6;488;0xFA5C6A748E174540B870B1A8D5AFE693;01/09/2004 00:00:00
429;1;"K";8;609;0x4345A01D1D2C324E8309F122AF94D599;06/09/2004 00:00:00
429;6;"G";30;504;0x5D6DF3455999014691746DB78ECB24B5;06/09/2004 00:00:00
429;50;"U";7;486;0xE73A5E614C3A8F4AB6C4310D19471F1F;06/09/2004 00:00:00
430;1;"K";9;608;0x37E952FA1EC89B4B8AAF9B17B1E9E221;06/09/2004 00:00:00
430;6;"G";31;502;0x3ACFC5E4CFDAF241AEAB6ABA23F6FBCD;06/09/2004 00:00:00
430;50;"U";8;484;0x79AF973C4CE7D847B037F0551018EE1C;06/09/2004 00:00:00
431;1;"K";10;611;0x8A3783EFB7747C42A92006580C15625A;06/09/2004 00:00:00
431;6;"G";32;505;0x7F9E948D3B119B4C910E07D20F8343E4;06/09/2004 00:00:00
431;50;"U";9;488;0x76469CA5419D3647A5FA2D5D59777325;06/09/2004 00:00:00
432;1;"K";11;614;0x13E6888E217A854F911A6C4561A80E16;06/09/2004 00:00:00
432;6;"G";33;508;0x7538CC12A1078B4CABBF8E62A6F6056F;06/09/2004 00:00:00
432;50;"U";10;491;0xC9D26332F5A9F44CB5E3B81BDC698C26;06/09/2004 00:00:00
433;1;"L";1;617;0x9B98792C6560F744A5B7658516BB0670;11/09/2004 00:00:00
433;6;"G";34;512;0xBFAABEF0A23D6F4AB6F780AEEAF86B72;11/09/2004 00:00:00
433;50;"U";11;494;0xB1C6BA455DDECC4CA8ED0AF8A5222403;11/09/2004 00:00:00
434;1;"L";2;620;0x60FA0F7317764A4BA15796DEC935D340;11/09/2004 00:00:00
434;6;"G";35;515;0x5CA26EC7837D0E4DA0C1A4A61105673F;11/09/2004 00:00:00
434;50;"U";12;497;0xA941E62CBF6B9C45965E79A5673EC082;11/09/2004 00:00:00
435;1;"L";3;624;0xEEBA11A167222649828751889A4A3244;11/09/2004 00:00:00
435;6;"G";36;518;0x6B8E37793E717044A2D27F47816B51C8;11/09/2004 00:00:00
435;50;"U";13;500;0x0963B5BBECE9C84C972B631B4DA70AC0;11/09/2004 00:00:00
436;1;"L";4;627;0xA935D2E8E3573945902AD1587FA70D79;09/09/2004 00:00:00
436;6;"G";37;521;0x3D8D53375417F347A843435A6751CD59;09/09/2004 00:00:00
436;50;"U";14;504;0xF877DAE0A7ED0843A45997F71FA0E845;09/09/2004 00:00:00
437;1;"L";5;630;0xD72607310392F84CA6649F8055DB5BF7;09/09/2004 00:00:00
437;6;"G";38;524;0x940A03283C320A44B516DB48DB308E93;09/09/2004 00:00:00
437;50;"U";15;507;0x24D3BDC26457D64DAA17743141089E3F;09/09/2004 00:00:00
438;1;"L";6;633;0x5B0BAAE781E2364284514F2BE7C94092;24/08/2004 00:00:00
438;6;"G";39;528;0x5C556EF1E60D2E40A030782267ED81C9;24/08/2004 00:00:00
438;50;"U";16;510;0xEFA2A4A0C4BC904787E790D7764F24D1;24/08/2004 00:00:00
439;1;"L";7;636;0xB1D1CE7BFCD4224E888ED683F01A6AA3;24/08/2004 00:00:00
439;6;"G";40;531;0xEEBF93A848A0AC49A4E5E83738DEFCA6;24/08/2004 00:00:00
439;50;"U";17;513;0x6E8CB3B9BF7670458869C36BD7A3D167;24/08/2004 00:00:00
440;1;"L";8;640;0x105CF221D815354A862270F1A609F94B;30/08/2004 00:00:00
440;6;"G";41;534;0x708F3B2E2358024085E88934AFF487E2;30/08/2004 00:00:00
440;50;"U";18;516;0xE533ECC2C53DAB41AD97399D385D6CB3;30/08/2004 00:00:00
441;1;"L";9;635;0x0FADCF0327C2794599BEE8F31E753103;30/08/2004 00:00:00
441;6;"G";42;529;0x045852026E00C24CA644A66C826914B4;30/08/2004 00:00:00
441;50;"U";19;512;0xEE5FCE3A9D3074438AC49B1053BB2130;30/08/2004 00:00:00
442;1;"L";10;630;0x55B9459D3E0C5B4A8DACB449A70F46D5;30/08/2004 00:00:00
442;6;"G";43;524;0x757FB101BA486E4FB266664734B7B924;30/08/2004 00:00:00
442;50;"U";20;507;0x465C591DFF499A43B8D4F86113ED5EAF;30/08/2004 00:00:00
443;1;"L";11;625;0x5981DD5363986E4493520FBABF08898D;04/09/2004 00:00:00
443;6;"G";44;520;0x19716F2783749E45A6C32DF6B8801C84;04/09/2004 00:00:00
443;50;"U";21;502;0x277FFF1F937A6443AF4B5F761857352A;04/09/2004 00:00:00
444;1;"L";12;620;0x42E936D715D0D842A3AD8595D93FD92F;04/09/2004 00:00:00
444;6;"G";45;515;0xEBA1E64DBE06014DAC35894404D282F0;04/09/2004 00:00:00
444;50;"U";22;497;0x85456CFB6305154CB0218039BE938A8C;04/09/2004 00:00:00
445;1;"H";3;616;0x7B2A4FEB1ABF7E41AD5FBC996FBF2725;09/09/2004 00:00:00
445;6;"G";46;510;0xD970339566F16C489455A1EEEF84218C;09/09/2004 00:00:00
445;50;"U";23;492;0xA8DF3ACF00F9B742A66037B30C87AAE6;09/09/2004 00:00:00
446;1;"H";4;611;0xE1B8CFD4514673468DCC362F442606C5;09/09/2004 00:00:00
446;6;"G";47;505;0x0E518FF5E2906F48B3D40C017C6EB2EC;09/09/2004 00:00:00
446;50;"U";24;488;0x0BF2511DE3B4BF4483A4E8BCAF6A0EEB;09/09/2004 00:00:00
447;1;"H";5;606;0x76A8C8EC00CB7940A1F5849199C1EDE9;09/09/2004 00:00:00
447;6;"G";48;500;0x2C642DAE0DABE14C881ECE2CD5FFF797;09/09/2004 00:00:00
447;50;"U";25;483;0xAAB836FDE6281E4B9E87469FC427FF4D;09/09/2004 00:00:00
448;1;"H";6;601;0x8059042D937EEF429F5129513F4859AD;09/09/2004 00:00:00
448;6;"G";49;496;0xE165AD56D404484289FB6027C28844FD;09/09/2004 00:00:00
448;50;"U";26;478;0x20CA240801CA20439D086DCCD75040C3;09/09/2004 00:00:00
449;1;"H";7;596;0xD707AB1FB8A1CB44B815820C649B5A1A;27/08/2004 00:00:00
449;6;"G";50;491;0xBB31867F73E0D440A22844192956BC03;27/08/2004 00:00:00
449;50;"U";27;473;0xEFB526CCCEF61C4ABC8860D6D00CA778;27/08/2004 00:00:00
450;1;"H";8;592;0xF8B6CBBE749EFB4788F9FE1047C1A9CA;02/09/2004 00:00:00
450;6;"G";51;486;0xFC76B1604190314CBD87DB8CEB1431B4;02/09/2004 00:00:00
450;50;"U";28;468;0x66715494EB8BB64ABBFE21AEBA2AE77E;02/09/2004 00:00:00
451;1;"H";9;595;0xA6E1548D2A2EB94B86EFFC1B80B2CC7B;02/09/2004 00:00:00
451;6;"G";52;489;0x4FB90782C77B8F40B27FA5ABD4DC5A3A;02/09/2004 00:00:00
451;50;"U";29;472;0x93B6EFD465CFA44E9EFFB731AF88D13C;02/09/2004 00:00:00
452;1;"H";10;598;0x47FAC35AA34D0E488F8C9C9C50ACAE47;02/09/2004 00:00:00
452;6;"G";53;492;0xC435DFFFED3B0B46982126D51A95BAF6;02/09/2004 00:00:00
452;50;"U";30;475;0x2DCA3CA1B3034E4786FADB2A1C27D231;02/09/2004 00:00:00
453;1;"H";11;601;0xD4C1FAF30976A044BA12B0A8F3025410;02/09/2004 00:00:00
453;6;"G";54;496;0xF545B9CA54DDAD4388FDA25C200E8ACC;02/09/2004 00:00:00
453;50;"U";31;478;0x42DF117339835E4295896BD31E1E971F;02/09/2004 00:00:00
454;1;"H";12;604;0xF7347DA5B7252A43988CFADAD614CE89;02/09/2004 00:00:00
454;6;"G";55;499;0x62FFB81B87758646A863BD55FE20CB5E;02/09/2004 00:00:00
454;50;"U";32;481;0xC30CDE4C28340B468111987AB4DF6EF8;02/09/2004 00:00:00
455;1;"H";13;608;0xE3EBEB8A9DB27643BE79C5095831B02E;07/09/2004 00:00:00
455;6;"G";56;502;0x2287ECB4CBA95F4FB2335530A9760A3D;07/09/2004 00:00:00
455;50;"U";33;484;0x504B388DBACBB04E99D35448D8698106;07/09/2004 00:00:00
456;1;"H";14;611;0x90D9562EA77429419846E5F806B6DE85;07/09/2004 00:00:00
456;6;"G";57;505;0x515B334CD0C16E479EEA6BB03A3EB43C;07/09/2004 00:00:00
456;50;"U";34;488;0xB252D24D378368429B89CAC0D2236DAF;07/09/2004 00:00:00
457;1;"H";15;614;0x8D407013B4136C4C850F63A6163B2B3D;07/09/2004 00:00:00
457;6;"G";58;508;0xF6EFC69E45BC424494E2632C289D0D1B;07/09/2004 00:00:00
457;50;"U";35;491;0xBFD7FA137E522944921A529474F0A179;07/09/2004 00:00:00
458;1;"H";16;617;0x4F52E8C6B3B6B64EB25E2F604E79AE3D;07/09/2004 00:00:00
458;6;"G";59;512;0x0634DEBB55829E44899EBDB32AD2EBA3;07/09/2004 00:00:00
458;50;"U";36;494;0x9C7701CE2F63AC48897A7214DE4E3389;07/09/2004 00:00:00
459;1;"H";17;620;0xD23E7A55F7690146868D34F465B8C904;07/09/2004 00:00:00
459;6;"G";60;515;0xE2DC7EEDDD864142965A1AF5E4CF18FD;07/09/2004 00:00:00
459;50;"U";37;497;0x34F261696A05BF4AA1CC674110152992;07/09/2004 00:00:00
460;1;"H";18;624;0x0B7C5446FB79A6418D11A1591D44FF84;07/09/2004 00:00:00
460;6;"G";61;518;0xD572E4C7F6A7224A95EE09EC93DEE0B1;07/09/2004 00:00:00
460;50;"U";38;500;0xB7A6F5B763373B4A9E41BA063B256778;07/09/2004 00:00:00
461;1;"G";19;627;0xEF1CA0ED813B754D867040DB0E8AA961;18/08/2004 00:00:00
461;6;"H";1;521;0xCCC2E120D44FC14EA159929042EC47F6;18/08/2004 00:00:00
461;50;"K";1;504;0xBC84292D2A58C440BB95D9936A33D36E;18/08/2004 00:00:00
462;1;"G";2;310;0x6E21B6C3486DB34AAD2FEED611C2395B;11/09/2004 00:00:00
462;6;"H";2;204;0x2A1132BA7E8F194F8C15DA0690A9CB40;11/09/2004 00:00:00
462;50;"K";2;187;0xACCC2DB7DE5FDD41BD6F6F05FDD053C1;11/09/2004 00:00:00
463;1;"G";3;499;0x6D5394E25A7F24408466353B39048C6C;06/09/2004 00:00:00
463;6;"H";3;566;0x1E95EB4A658C284CA5ABE53B0D8CC9D5;06/09/2004 00:00:00
463;50;"K";3;620;0x439DA87C9EF6D34CA8E753A418BFF63C;06/09/2004 00:00:00
464;1;"G";4;500;0x2DD2AB010D705944BAAACA7503372755;06/09/2004 00:00:00
464;6;"H";4;568;0xD2A89AD4EC4FC44FB343F2C8E2D8F988;06/09/2004 00:00:00
464;50;"K";4;622;0x4D08CA1E32C0FF479FA4204F34EF3E72;06/09/2004 00:00:00
465;1;"G";5;502;0x2CE46AEE832CC24C9309505213BB9208;11/09/2004 00:00:00
465;6;"H";5;569;0x5A647906A0457C4B8816EA95E8C033B8;11/09/2004 00:00:00
465;50;"K";5;624;0x4A5686D83A8ACF418CD783902095E53B;11/09/2004 00:00:00
466;1;"G";8;504;0xB8EC94625A19C7408199E2CFCF5A0C92;11/09/2004 00:00:00
466;6;"H";6;571;0x4B44C87CDD55F446BFA1797597508E7B;11/09/2004 00:00:00
466;50;"K";6;625;0x5E90850D0360DB46937F9EEE681D8314;11/09/2004 00:00:00
467;1;"G";7;505;0x089F92020B04E848B859E351476B2773;11/09/2004 00:00:00
467;6;"H";7;572;0x19C3C9496B35734D952BF0D59DDA9355;11/09/2004 00:00:00
467;50;"K";7;627;0xD6D4EFEB2AF1EB4E95842A6289F2CB51;11/09/2004 00:00:00
468;1;"G";3;507;0x40B1A6FDB392534EBAC58A4B2E848FDB;01/09/2004 00:00:00
468;6;"H";8;574;0xB3B9D4E1A0E90E4BBA76587336907407;01/09/2004 00:00:00
468;50;"K";8;628;0x7F5826032E9AFB4B80172B006B61A963;01/09/2004 00:00:00
469;1;"J";4;508;0xF35F28CF81983648A3BF6FF502199E7E;01/09/2004 00:00:00
469;6;"H";9;576;0x2DAFF4D41552E8458C6A4D1C3B27EDC8;01/09/2004 00:00:00
469;50;"K";9;630;0x0AA8BBD7BDDF29499E30673F94F735D4;01/09/2004 00:00:00
470;1;"J";5;510;0x37A2CBAC0637C442AFE80FB6BB8FD37C;01/09/2004 00:00:00
470;6;"H";10;577;0x071CFCF37B31B54785D5D57DAE2AA709;01/09/2004 00:00:00
470;50;"K";10;632;0xD34F4585479F6F4FB38A89258E127154;01/09/2004 00:00:00
471;1;"J";6;512;0x96D50362065197499B9FA40DE5D62B80;01/09/2004 00:00:00
471;6;"H";11;579;0x5094484306D48644B34D2700C4DD13B4;01/09/2004 00:00:00
471;50;"K";11;633;0x05B859C6E3FEA845BEFE14DC52E1C25C;01/09/2004 00:00:00
472;1;"J";7;513;0xF1B97544E08F384CA05CF15B0216FEA8;01/09/2004 00:00:00
472;6;"H";12;580;0xC5C0DA2ABF911D4BB1541896B42BEB4E;01/09/2004 00:00:00
472;50;"K";12;635;0xCB943945544B31418CC6DDC48F85908A;01/09/2004 00:00:00
473;1;"J";8;515;0xF9CC2B2A66EB6746ADE73EA56BFA7240;01/09/2004 00:00:00
473;6;"H";13;582;0xF674EBEE41DC854B82589905DBC4E837;01/09/2004 00:00:00
473;50;"K";13;636;0x57E7DFD5DC4EBF4B91EC79EAE89B44AC;01/09/2004 00:00:00
474;1;"J";9;516;0xC11B9B4715F8AE44A69691A2A3375706;01/09/2004 00:00:00
474;6;"H";14;584;0x53F182FD73B4EF4C8F918A33600EB904;01/09/2004 00:00:00
474;50;"K";14;638;0xBD78579A98EE6643A40C3B0B35388C4B;01/09/2004 00:00:00
475;1;"J";10;518;0x66B8B7CDEC0FD04CB93D7EA2EDC291EC;01/09/2004 00:00:00
475;6;"H";15;585;0x0E2A3B17CA0F754DA25E887AB7523C6A;01/09/2004 00:00:00
475;50;"K";15;640;0x374DCB2A06DE5040A6D96C6BB4465417;01/09/2004 00:00:00
476;5;"D";0;324;0x081D6F43453ABD428DD1B6FA551B0BF3;19/08/2004 00:00:00
476;10;"A";0;404;0x5BF492A5A49D7548A75FCEFFE443A6CC;19/08/2004 00:00:00
476;20;"B";0;355;0x0648133A8E6A174EB471365515F2153E;19/08/2004 00:00:00
477;2;"B";0;403;0x61DEAD56F7B95845900F1EF3DCAC50F2;19/08/2004 00:00:00
477;5;"D";0;323;0xB0AA0032A90D7D4F809AF5A0ADE43569;19/08/2004 00:00:00
477;10;"A";0;353;0xBC5E081E80874D43AC038C98C230449B;19/08/2004 00:00:00
478;2;"B";0;497;0xE8C49E934D7CCB40B6630C98CF85163F;25/08/2004 00:00:00
478;5;"D";0;568;0xC665105CD6DE6945892F455FE0A920AC;25/08/2004 00:00:00
478;10;"A";0;622;0xEC38DCB3D7980E4F99C99B45E0FB2E0A;25/08/2004 00:00:00
479;2;"C";0;441;0x1E5E7B50CB3F7D48BF9B705556C228ED;25/08/2004 00:00:00
479;5;"E";0;390;0xB1DFE60B45980641AB26962FD5F80872;25/08/2004 00:00:00
479;10;"C";0;198;0xA26521719D7848488D608153AB5F27F5;25/08/2004 00:00:00
480;2;"C";0;689;0xC634A14F49609A4A8A30F2F1E8159D63;25/08/2004 00:00:00
480;5;"E";0;515;0xE5C827D3398EA24EB81E43423F1FD068;25/08/2004 00:00:00
480;10;"C";0;457;0xDF57A8E3D7EE60478E9170A7BCF28937;25/08/2004 00:00:00
481;2;"C";0;427;0x993BF31EAAF95F449355DDB2D6201712;31/08/2004 00:00:00
481;5;"E";0;374;0xE11A345DC5D54F4BACA14520E5B87BB9;31/08/2004 00:00:00
481;10;"C";0;196;0x7704D01F28EB024C80E3C4CB70CDF107;31/08/2004 00:00:00
482;2;"D";0;321;0x5B66AF9EC1085644AA2A536C607BACFC;31/08/2004 00:00:00
482;5;"R";10;427;0x6AC9333E014012439E27767676334A6B;31/08/2004 00:00:00
482;10;"L";0;176;0xB569A745BE1505449C1F42DBEF34FD71;31/08/2004 00:00:00
483;2;"D";0;691;0x4E1B435348298F4DA9D1B2A9DCDA30D8;05/09/2004 00:00:00
483;5;"R";0;531;0xE1D83DE8F126E64198A5C88004BE7A00;05/09/2004 00:00:00
483;10;"L";0;459;0x410640C93A1B844ABAF016B110A5D4B2;05/09/2004 00:00:00
484;2;"D";0;427;0x79D78C0A316C8A448F48D86430AC93F9;05/09/2004 00:00:00
484;5;"R";0;374;0xF915E089D7840042AB8BFC6B86B9BD5D;05/09/2004 00:00:00
484;10;"L";0;196;0xA298EB1CF94E3B49AD325C9C530D064D;05/09/2004 00:00:00
485;2;"D";0;321;0x39897596B3C64B44821C519D6917D89C;05/09/2004 00:00:00
485;5;"R";0;427;0x8B890F50628F0F42AB9B2F20C24BA319;05/09/2004 00:00:00
485;10;"L";0;176;0x7B92817791BB184E8EE288E7761F1D5A;05/09/2004 00:00:00
486;2;"D";0;689;0xFA00AE39E04B8646BAC2E21941266A72;05/09/2004 00:00:00
486;5;"R";0;515;0x2080F650A073924C89FD3A6CDA2CE599;05/09/2004 00:00:00
486;10;"L";0;457;0x79027E43931E7D4E8510EF7DFCBF0146;05/09/2004 00:00:00
487;2;"D";0;331;0x99317999851EDF40B2115B3139811A07;10/09/2004 00:00:00
487;5;"R";0;337;0x6118E6FDFC1AC341A3FC1C41719450EB;10/09/2004 00:00:00
487;10;"L";0;324;0x5F8098C2ED0A204F81A3C41ABD3F0EF2;10/09/2004 00:00:00
488;2;"D";0;312;0x2CD99B30F869824AA89E7E48985BCB99;10/09/2004 00:00:00
488;5;"R";0;318;0x57FC539540B94A43AC64F4654222C876;10/09/2004 00:00:00
488;10;"L";0;305;0x836F7E1F808B0B4197240EAB0CF40D1E;10/09/2004 00:00:00
489;1;"J";1;612;0x8EE2CFFA9F6C854A80342E1E74D3EC00;10/09/2004 00:00:00
489;6;"F";9;619;0xF0AB8355AC8F044A83F54F48659B6388;10/09/2004 00:00:00
489;50;"N";1;606;0x847DE9FCA891374FA4226D147C16F2B4;10/09/2004 00:00:00
490;1;"J";2;593;0xE8023EFC408EEB4AAC8A00ACC2A868C8;12/09/2004 00:00:00
490;6;"F";2;600;0x58B267D57DA484478CED36D2471FB9AD;12/09/2004 00:00:00
490;50;"N";2;587;0xE1AC7123186FA64BB886379D4538347F;12/09/2004 00:00:00
491;1;"J";3;254;0x1BC1AD5932CAE344A8C3743795B10295;11/09/2004 00:00:00
491;6;"F";3;420;0x40F84CEC828CA84E8D507FAD3088D549;11/09/2004 00:00:00
491;50;"N";3;248;0xEF734E9233B394458E99A0ADC10A969C;11/09/2004 00:00:00
492;3;"A";3;17;0x2F71B4F3B344534AB24563C39476BD53;11/09/2004 00:00:00
492;4;"A";6;14;0x469FAC87C5E5754C9D1443340ED0AA50;11/09/2004 00:00:00
492;40;"B";2;16;0xBF23CFA04D261D4189F8EDC6FB5DEE8F;11/09/2004 00:00:00
493;3;"A";2;41;0x8B5D8E31CA836C4180D7C77854B0B612;11/09/2004 00:00:00
493;4;"A";8;24;0x90F12749CC226A4893C857A7FD3124BE;11/09/2004 00:00:00
493;40;"B";1;28;0xE362A80EB9722845AB80594183C83D8A;11/09/2004 00:00:00
494;3;"A";1;49;0xA444F66D8B3D3645B0127454BC2BB72B;11/09/2004 00:00:00
494;4;"A";7;12;0xC7D70AFD3863E247B682979CF5C68804;11/09/2004 00:00:00
494;40;"B";3;4;0x0F68E5234E32D940A7C4D29C6F78E51F;11/09/2004 00:00:00
495;3;"A";5;49;0x4C4A8915F7A77F41B29399B75CA3D396;11/09/2004 00:00:00
495;4;"A";9;35;0xE80646102C079042A46117791E14CD1C;11/09/2004 00:00:00
495;40;"B";6;25;0x974F5F02860057478FF294617DEA03CF;11/09/2004 00:00:00
496;3;"A";4;30;0xA02EAB3A00BBAA4FBEC7751EE97D9F8F;11/09/2004 00:00:00
496;4;"A";10;25;0x4CCD665BABAA72409B1C2141463606AB;11/09/2004 00:00:00
496;40;"B";7;44;0xCED084507F166B4CB8F9FF5DF6BFDE15;11/09/2004 00:00:00
497;1;"E";26;336;0x1DA5026C8DC17A40869EA6F092E6D66F;09/09/2004 00:00:00
497;6;"M";8;364;0x674CBAC945B06344BBFF369E0D1EA62E;09/09/2004 00:00:00
497;50;"W";6;273;0x02110E3DFD8B0E4BA369287FE8CB94E4;09/09/2004 00:00:00
504;1;"E";15;392;0x49EE8B0B97621946947E2399B68CCFF1;09/09/2004 00:00:00
504;6;"M";6;372;0xBC3B032B174819498506AC92EE8A864E;09/09/2004 00:00:00
504;50;"W";4;320;0x4036AE1C472CE2468AC384CA3F0D6937;09/09/2004 00:00:00
505;1;"E";18;388;0x397E148BEC57B347A16C618B7B294D56;11/09/2004 00:00:00
505;6;"M";11;299;0xAEF45AF9744E454E9FD77356B25DD660;11/09/2004 00:00:00
505;50;"W";11;283;0x20817DF477FDEE4D8D0876D462F24142;11/09/2004 00:00:00
506;1;"E";13;316;0x9F542E76BDE8EC449427A70853D52129;09/09/2004 00:00:00
506;6;"M";7;390;0xD217A8A126E61249843B6C8B9F844A5E;09/09/2004 00:00:00
506;50;"W";5;121;0xB23D3647534F1A45A14BE0F869B9827D;09/09/2004 00:00:00
507;6;"N";2;673;0x27756DC5F2EBBE4EB2F1CBBD4B18AB42;10/09/2004 00:00:00
507;50;"J";1;542;0x8C8C82B914198845A97DD96EC6532D73;10/09/2004 00:00:00
508;6;"N";1;681;0xE94061FB0DDB604A9658940CA81FBC56;10/09/2004 00:00:00
508;50;"J";2;550;0xB1F6433DAC73F844AB93B7C19BFB849D;10/09/2004 00:00:00
509;6;"N";3;689;0x31F965D40C32A44EA3EDA2F4E24D5837;11/09/2004 00:00:00
509;50;"J";7;558;0x00B333FD87DB2E438D9D50EB8D620840;11/09/2004 00:00:00
510;6;"N";4;406;0x0AA069D6E26FC741B8FB956AFDA2061F;11/09/2004 00:00:00
510;50;"J";6;316;0xB0EA4DEC8D69D24A80DD26F9623F55F9;11/09/2004 00:00:00
511;6;"N";5;390;0x1463631D31290A47970085E9E069495F;11/09/2004 00:00:00
511;50;"J";5;350;0x42D1102F2F99D1409CF66DCA1723AC48;11/09/2004 00:00:00
512;6;"N";5;334;0x61A27700A8A5A044AA20E3ADB9A66409;08/09/2004 00:00:00
512;50;"J";4;281;0x4C93885ECBFE024E893046BFCF17032C;08/09/2004 00:00:00
513;6;"N";9;640;0xE8323F15D41ED04191C1C32760D36FF8;12/09/2004 00:00:00
513;50;"J";3;724;0xD1F5C980CB2AC24EB1A2F5B10C17D3BE;12/09/2004 00:00:00
514;6;"D";10;267;0xE3AC469A4D6E7140843722C0E5405301;02/05/1998 00:00:00
514;50;"G";4;318;0x7E9816B97161564CA9643FDE5162B2ED;02/05/1998 00:00:00
514;60;"F";2;212;0x3F67E14D1AB4A34CBB1433C1013DCCBB;02/05/1998 00:00:00
515;6;"D";2;268;0x60CF1EEEA928CD459F421B4C2468C926;02/05/1998 00:00:00
515;50;"G";22;320;0xE0DF7A4AC65DA84180D458833CEDE47B;02/05/1998 00:00:00
515;60;"F";1;214;0x2919C24F8CD12D4C82EF174D16ED59CF;02/05/1998 00:00:00
516;6;"D";3;270;0xC8CA8873B966F34D9DDD3768DC5CE2B6;02/05/1998 00:00:00
516;50;"G";23;321;0xEE00AE4F65C46641B787EC749D28A1AA;02/05/1998 00:00:00
516;60;"F";3;216;0xB1B0C2AA4748594CBFC2DB70FA45E63C;02/05/1998 00:00:00
517;6;"D";16;272;0xB5592FA57D41094DAAE27319CFBE13EB;02/05/1998 00:00:00
517;50;"G";5;323;0x795D553F259725498E93D9A3656AE21A;02/05/1998 00:00:00
517;60;"F";5;217;0x99447C8FB60A8E49ABCCC522B73F424F;02/05/1998 00:00:00
518;6;"D";17;273;0x1106D6A57F309B40903EB00C86594FCA;02/05/1998 00:00:00
518;50;"G";6;324;0x5D4743F204238E4AB2CBF7AB3AF7B6B9;02/05/1998 00:00:00
518;60;"F";6;219;0x5806320AA0CB8C49BC231F754C77EA54;02/05/1998 00:00:00
519;6;"D";15;275;0x884F94771CC97E4EA8CD2FEA4E557127;02/05/1998 00:00:00
519;50;"G";7;326;0x8CBDB52B1B5A6044A47B5F7583732E1B;02/05/1998 00:00:00
519;60;"F";13;220;0xA37DC494DB04484082B50C8ED73F3EF1;02/05/1998 00:00:00
520;6;"D";14;276;0x1D6A24FE3E59AA4CB50BCF1C9B983E97;02/05/1998 00:00:00
520;50;"G";2;328;0x6DFAFF8D53E70E4F9D35829D67AFA2D4;02/05/1998 00:00:00
520;60;"F";14;222;0xB1B07BAD02C1264285E12F6735DB710E;02/05/1998 00:00:00
521;6;"D";11;278;0xF2510B49CEE8E545A073FC9BB9EBC8C3;02/05/1998 00:00:00
521;50;"G";1;329;0x7F5B74B341ABC34C8D71C754201FEC4F;02/05/1998 00:00:00
521;60;"F";18;224;0x7CDD8CE4A979FD4D85F2A1203EA32678;02/05/1998 00:00:00
522;6;"D";1;280;0x555CAF62863B294394549212CE7B84B9;02/05/1998 00:00:00
522;50;"G";3;331;0x5934058B75BC7D42A8728ECB02FBF572;02/05/1998 00:00:00
522;60;"F";7;225;0x13822955C0D75345BB63857DAF106053;02/05/1998 00:00:00
523;6;"K";1;164;0xD65588732241C14880D0F65E39631641;11/09/2004 00:00:00
523;50;"Y";1;209;0xF6E8BF62C883774E8172F4F0BEC46EC1;11/09/2004 00:00:00
523;60;"L";6;139;0xEA9989420BA96F499F4E59B12A52539C;11/09/2004 00:00:00
524;6;"L";1;124;0x85CEA99EF3988E4ABF1AC610335AA646;11/09/2004 00:00:00
524;50;"Y";2;228;0xD55F00CA37966A42B1F85F69566DD09B;11/09/2004 00:00:00
524;60;"K";1;107;0xF290AA666BE54F4AAB103FCC6581CB9C;11/09/2004 00:00:00
525;6;"B";2;644;0x5A6FCB8BF26E884BA0366DADFFE0C6C3;10/09/2004 00:00:00
525;50;"F";1;619;0xCE7AB673905E514F9DC86879C5626C25;10/09/2004 00:00:00
526;6;"B";3;587;0x9E85CE175903C049BB28D4F835F060B1;10/09/2004 00:00:00
526;50;"F";5;624;0xC05BFBE32E91A74BA293B0644815F78E;10/09/2004 00:00:00
527;6;"B";4;888;0xC006AEFFC16D154DB1E974A68A33072D;11/09/2004 00:00:00
527;50;"F";11;702;0xE30C446DA636794D90F946B9AB087DE6;11/09/2004 00:00:00
528;6;"F";5;924;0x54B6B63B950D8A409FD3E32E133CC9D1;11/09/2004 00:00:00
528;60;"E";3;729;0x9D576DFB41DB24428C2063FDE29D7E6D;11/09/2004 00:00:00
529;6;"F";6;425;0xD4942EF9207BAE48B696A1E8E290EDEB;02/05/1998 00:00:00
529;60;"E";4;371;0x247603E99A1F604DA16DF5F0072B13EE;02/05/1998 00:00:00
530;6;"F";7;336;0x5DC1BEF2846C25479F86C509695BD98A;08/09/2004 00:00:00
530;60;"E";5;444;0x243467E869542043B3A2F0DA3CEF7D3E;08/09/2004 00:00:00
531;6;"F";8;427;0x3F88A73BDCCE09449A26C610C732DB29;02/05/1998 00:00:00
531;60;"E";6;374;0x7F63ACC4182FF04FAFD1F817A59F950C;02/05/1998 00:00:00
532;6;"F";4;715;0x9538B1B408EDD84D8EA19517DA10A6BD;02/05/1998 00:00:00
532;60;"E";7;542;0x8E8C9FAF7D10824DBA225BE5E2D86C06;02/05/1998 00:00:00
533;6;"F";1;443;0x875EDB0C59D6F54E8C2DA94DE24BABB5;02/05/1998 00:00:00
533;60;"E";1;388;0xEC4BB85A0F94444F86B645D9081DDD32;02/05/1998 00:00:00
534;6;"L";12;379;0x57B19261B70CCB4998ED4E2CD3ECB1AC;02/05/1998 00:00:00
534;50;"R";12;278;0x0E57351B9260024586184CDCC8811121;02/05/1998 00:00:00
535;6;"L";14;427;0xFEB5C32C97E09B41B8E6E3DBEB0E571F;10/09/2004 00:00:00
535;50;"R";14;409;0x11AF1F120DD43542B60632C41B39D284;10/09/2004 00:00:00
679;1;"E";22;164;0xAE3DDFBCF78E8242A01A18B8AA1B7712;09/09/2004 00:00:00
679;6;"M";13;136;0x46E82642E4894B4DB87A761292A9F5DA;09/09/2004 00:00:00
679;50;"W";13;121;0x57C5F5800E3BB34E8F3DAE3174209C1E;09/09/2004 00:00:00
707;7;"N/A";0;288;0xE757701B569D6A49A23442379F91A836;01/06/2001 00:00:00
708;7;"N/A";0;324;0xB363D2395E91E24BA972009B7009759C;01/06/2001 00:00:00
709;7;"N/A";0;180;0x83DCF7DB53791C4E8D3A4DC943B118CA;01/06/2001 00:00:00
710;7;"N/A";0;216;0x017306EB1A2AD74BB844A580BC586803;01/06/2001 00:00:00
711;7;"N/A";0;216;0x6E3BFDEFE6BE554EA675F299765EB0E5;01/06/2001 00:00:00
712;7;"N/A";0;288;0x5D24439BEBA01345B88F12FDAA7078F2;01/06/2001 00:00:00
713;7;"N/A";0;144;0x06024D76CBB35C48A7601A3AA239EA9D;01/06/2001 00:00:00
714;7;"N/A";0;180;0x552536B6EF5BB9488D1120F7E81CAAC1;01/06/2001 00:00:00
715;7;"N/A";0;216;0x47291C72963C7C4194E880F6B7C24AA6;01/06/2001 00:00:00
716;7;"N/A";0;252;0xBCC7555FC05BEC4D9294539708913BAE;01/06/2001 00:00:00
747;10;"N/A";0;121;0x0E895D1C6B4C3745ABDAA0D80F75872B;01/06/2001 00:00:00
747;20;"N/A";0;161;0x98AFB518932276479D4E122C009EF28C;01/06/2001 00:00:00
747;30;"N/A";0;148;0x0426768E1608AD48B28994C843D9301A;01/06/2001 00:00:00
747;40;"N/A";0;107;0x2B7C2B97E8D03D4C88F6416D8E450F36;01/06/2001 00:00:00
747;50;"N/A";0;160;0x919899B84F8447419348423D36400A09;01/06/2001 00:00:00
747;60;"N/A";0;137;0x0BD56E6D4B7ECD40B617D93318F3DBF6;01/06/2001 00:00:00
748;10;"N/A";0;105;0x4D793C692FE8184DA1BB457E4382F0EB;01/06/2001 00:00:00
748;20;"N/A";0;145;0x8D1404216DC9D44C9A75940A70E1A124;01/06/2001 00:00:00
748;30;"N/A";0;132;0xB7533152CC92D0459A6F046995CB498E;01/06/2001 00:00:00
748;45;"N/A";0;91;0xAE349645D9408A499D2B5AAB2664EC4D;01/06/2001 00:00:00
748;50;"N/A";0;144;0xE03408976FD4DA4BBCE5FDCE013D7FD5;01/06/2001 00:00:00
748;60;"N/A";0;121;0x65F57755E8078548AAF443DE53D51618;01/06/2001 00:00:00
749;7;"N/A";0;73;0x72875554E3090F4FA8BD92C0CA8243C7;01/06/2001 00:00:00
749;60;"N/A";0;60;0x178149E7CCE2A54AB6D9A1D0C9E4EABF;01/06/2001 00:00:00
750;7;"N/A";0;102;0x823200364F93B842A7288C77ADD3DC78;01/06/2001 00:00:00
750;60;"N/A";0;121;0x9718F4F428DB7C44B6213FDB56671CC5;01/06/2001 00:00:00
751;7;"N/A";0;32;0x98E42DCB9A348D4DAE4C0F03041575C6;01/06/2001 00:00:00
751;60;"N/A";0;108;0xACC28CFA15B7E4439AB1CCBE7039F0C2;01/06/2001 00:00:00
752;7;"N/A";0;52;0xCC5552CE11ACEE4C9C7FF188116C5353;01/06/2001 00:00:00
752;60;"N/A";0;76;0xE49A7E5CE897D84DA1A97018AD17CC5A;01/06/2001 00:00:00
753;7;"N/A";0;112;0x33ABD6E34E31BC4F9743B7AF3C097D8A;01/06/2001 00:00:00
753;60;"N/A";0;51;0xD399F91F850284408910F1985E468675;01/06/2001 00:00:00
754;7;"N/A";0;65;0xA648C2C6D2ECCD4D8E792FCD345F4C39;01/06/2001 00:00:00
754;60;"N/A";0;83;0xBFCB60CD80D1D744A3F5D4B75EAC6EB3;01/06/2001 00:00:00
755;7;"N/A";0;75;0xCDAF8E2A0F85B14EB205A3C1A41DDC26;01/06/2001 00:00:00
755;60;"N/A";0;62;0xC8632CF2B542304FB1E80C4A74643991;01/06/2001 00:00:00
756;7;"N/A";0;30;0xEEB50934079B0043B05D82C53862CE93;01/06/2001 00:00:00
756;60;"N/A";0;99;0x4F17D4FE1A1F2A43B89C80DAFC774AE5;01/06/2001 00:00:00
757;7;"N/A";0;56;0x040EE58E613E364DB4AD2B629C22F12D;01/06/2001 00:00:00
757;60;"N/A";0;78;0xC6FB1BB9C08A0C4A8FD5162C99C134FB;01/06/2001 00:00:00
758;7;"N/A";0;116;0x0B25C6AE25FC3147BB11FF9EB03BB295;01/06/2001 00:00:00
758;60;"N/A";0;49;0xC59A4752B0F22E47B1831A3F0CA39A06;01/06/2001 00:00:00
759;7;"N/A";0;112;0x97CFB48282B97941906DAEB3D06AC137;01/06/2001 00:00:00
759;60;"N/A";0;51;0xD0E48E70A17BCD409762093D579A8556;01/06/2001 00:00:00
760;7;"N/A";0;99;0xFCAEB70D7E290C45984607C8C30ADA31;01/06/2001 00:00:00
760;60;"N/A";0;86;0x38F84FCA358A8C4BA48DD6B9B5A53FF0;01/06/2001 00:00:00
761;7;"N/A";0;67;0xE9F63D875484BE41867A904550B5D761;01/06/2001 00:00:00
761;60;"N/A";0;81;0xCEDCAA815AA8FE428A6B58F21FA39D09;01/06/2001 00:00:00
762;7;"N/A";0;75;0x0D52EA3E4E610E429370073DA5AD2528;01/06/2001 00:00:00
762;60;"N/A";0;62;0x4AF4E08C62739A4CA529799892FEB5BF;01/06/2001 00:00:00
763;7;"N/A";0;102;0x43882CA0C20EDD43ADFFD8EA509916E8;01/06/2001 00:00:00
763;60;"N/A";0;121;0x7EABE80B8DAC9E47B4A0DF8842A2011A;01/06/2001 00:00:00
764;7;"N/A";0;32;0x18F38A666791D54E9944A95EB4A2C795;01/06/2001 00:00:00
764;60;"N/A";0;108;0x859DB28A5FF41349AC9D2A6251EF253D;01/06/2001 00:00:00
765;7;"N/A";0;56;0x84AD48C20594644EA581801F9C12D6FF;01/06/2001 00:00:00
765;60;"N/A";0;78;0x021C16B79CCE54429C283E4305DD7D43;01/06/2001 00:00:00
766;7;"N/A";0;116;0x30219E7740521F4696D177E3B1C844A2;01/06/2001 00:00:00
766;60;"N/A";0;49;0x3F79A8E2054F67489F3D9843F04C9872;01/06/2001 00:00:00
767;7;"N/A";0;100;0x388F10BC76ECF44686A68C66E1834B78;01/06/2001 00:00:00
767;60;"N/A";0;88;0x46FCB8C1DE4B554EBB8353929DC8F323;01/06/2001 00:00:00
768;7;"N/A";0;67;0x3E5F5353B2FF1A46A4225FA327516DFF;01/06/2001 00:00:00
768;60;"N/A";0;81;0x6C6AE508540D5C4DBDDF2605ECDB6901;01/06/2001 00:00:00
769;7;"N/A";0;73;0x1E86C13B70E15B47BABB25CF640CC5B6;01/06/2001 00:00:00
769;60;"N/A";0;60;0xBE47A55F453D8A4A85A5B1EE8084A670;01/06/2001 00:00:00
770;7;"N/A";0;104;0x027E3B93782E264C91B4F40C65DAE6AD;01/06/2001 00:00:00
770;60;"N/A";0;123;0x6FC059E21CA3054E8835FFFAA0C4FF50;01/06/2001 00:00:00
771;7;"N/A";0;49;0x7CC79D625696224C8C908A601305EB94;01/06/2001 00:00:00
771;60;"N/A";0;100;0x1B2C01D0785EAA4FA7F2AC21B11528C8;01/06/2001 00:00:00
772;7;"N/A";0;88;0x34AD923AE57E27449E0E6CD4D56D3D5F;01/06/2001 00:00:00
772;60;"N/A";0;65;0x062818D5508B97409741BF000764B5E9;01/06/2001 00:00:00
773;7;"N/A";0;83;0x8FB9D60914991F469B0546AC3A78B747;01/06/2001 00:00:00
773;60;"N/A";0;75;0x8FA3A55C12CB1546BDDFE60109853188;01/06/2001 00:00:00
774;7;"N/A";0;62;0x89E69DBF02130A4F9BF99F535F99ECB5;01/06/2001 00:00:00
774;60;"N/A";0;102;0xC2AC382CE7CD904CBF1595CA7426A963;01/06/2001 00:00:00
775;7;"N/A";0;99;0xA08970F1EDE78F48A3EE179AA958B1EB;01/06/2001 00:00:00
775;60;"N/A";0;56;0xB632E14A96D1814F901AD533014E057B;01/06/2001 00:00:00
776;7;"N/A";0;78;0xE2EA0E9CA1F2A34496B797F96021DBF9;01/06/2001 00:00:00
776;60;"N/A";0;116;0xAD19B484DF11E54FBD815DED306A4EEE;01/06/2001 00:00:00
777;7;"N/A";0;49;0xBE02A6DB1254FF42916FC372269C3A2C;01/06/2001 00:00:00
777;60;"N/A";0;100;0x54507740915D2C4485B28730AC71EC6A;01/06/2001 00:00:00
778;7;"N/A";0;88;0xA8C1CF1F1911AE4C87B0A9E9FF2F8389;01/06/2001 00:00:00
778;60;"N/A";0;65;0x4B9EB6ACE6C8AE4E8D50AA957896CD11;01/06/2001 00:00:00
779;7;"N/A";0;75;0x054E0373A8A29647A242A5B9AF26FA41;01/06/2002 00:00:00
779;60;"N/A";0;62;0x44BC608E5E2420459C5494D2302CE45D;01/06/2002 00:00:00
780;7;"N/A";0;102;0x999BE3D634B0754AB5AB2839DD908065;01/06/2002 00:00:00
780;60;"N/A";0;121;0x43C49C0AB506974BA5A7704E9AD95D1D;01/06/2002 00:00:00
781;7;"N/A";0;32;0x0F76C023DC963F49B0161D60B8C0214A;01/06/2002 00:00:00
781;60;"N/A";0;108;0x85C488B2B3CB0F459395562F28CF9EDC;01/06/2002 00:00:00
782;7;"N/A";0;100;0x82C6DEF4FC9BC347BA79EED46067F317;01/06/2002 00:00:00
782;60;"N/A";0;88;0xEFA2F6FAD5E18743840C9CF94C4C15EE;01/06/2002 00:00:00
783;7;"N/A";0;65;0x2B02ACA1CD982B40BBED62E430D7A712;01/06/2002 00:00:00
783;60;"N/A";0;83;0x18E0D6CF867A1445BD6A7DF5A579B74E;01/06/2002 00:00:00
784;7;"N/A";0;75;0xCBD264AABA1D4E45BE6E9126315A2C16;01/06/2002 00:00:00
784;60;"N/A";0;62;0x19B1FB9E0DDA4943AFEA663FCA0EF4EE;01/06/2002 00:00:00
785;7;"N/A";0;75;0xEA23DC4B27E87241BCF750C24F7CC7A4;01/06/2002 00:00:00
785;60;"N/A";0;62;0x705F66EF6CAE5A4EAF30B61B249A47AE;01/06/2002 00:00:00
786;7;"N/A";0;102;0xE550E0680804CB4186B8E2EA4D0AE9DC;01/06/2002 00:00:00
786;60;"N/A";0;121;0x02B4299CF39A8443A6950B94B76EF73A;01/06/2002 00:00:00
787;7;"N/A";0;32;0x5E493FFDAAD35A4589C155F27ADF3174;01/06/2002 00:00:00
787;60;"N/A";0;108;0x89CA83DABCBA0F4D829E9EBC42ED052F;01/06/2002 00:00:00
788;7;"N/A";0;52;0xE6B577A51B9FB84CBB23008262F5E599;01/06/2002 00:00:00
788;60;"N/A";0;76;0xF9F8EE18FCBE9F44862D2893BEAA0CD4;01/06/2002 00:00:00
789;7;"N/A";0;112;0x0E07FDF62477D94381AA657631570721;01/06/2002 00:00:00
789;60;"N/A";0;51;0xBFB534C99A22EF4B9A0A8B60C320DEEE;01/06/2002 00:00:00
790;7;"N/A";0;99;0x4C266123B9F85A4FB0622D28096C0E59;01/06/2002 00:00:00
790;60;"N/A";0;86;0x804FCE43FF3B3D429A6DB5E7C6959DFD;01/06/2002 00:00:00
791;7;"N/A";0;67;0x4462B7A0547B7E4F8E6B735EA537800D;01/06/2002 00:00:00
791;60;"N/A";0;81;0x041C20CC406269448711C52A87CB90BF;01/06/2002 00:00:00
792;7;"N/A";0;104;0x18CF96CA2B798847BFD5C77CBED2F6C1;01/06/2002 00:00:00
792;60;"N/A";0;123;0x395A2D53D0047B45BFA3EF16457DEAD9;01/06/2002 00:00:00
793;7;"N/A";0;56;0xD70A4A04A67E02459E21AA7EFB5F60CD;01/06/2002 00:00:00
793;60;"N/A";0;78;0xECB55CDCF714C04E8AE8AD883BDD2AC0;01/06/2002 00:00:00
794;7;"N/A";0;116;0x663C6C9C231BE54E9BE01F948001639E;01/06/2002 00:00:00
794;60;"N/A";0;49;0x6108FCF5FECF1C43869FFF2EDEED0442;01/06/2002 00:00:00
795;7;"N/A";0;100;0xED26052BE2459549AE46BB20304C51F5;01/06/2002 00:00:00
795;60;"N/A";0;88;0x3FA28D012E29D640B061DC72D2CD02B3;01/06/2002 00:00:00
796;7;"N/A";0;65;0x34A624C3A515EB4CA5D5BD2953D15C2E;01/06/2002 00:00:00
796;60;"N/A";0;83;0x56754F4FAE65764B82FCA5159DAC1D87;01/06/2002 00:00:00
797;7;"N/A";0;67;0x88BDC9F905D50E489D44FFF4EACF9FA4;01/06/2002 00:00:00
797;60;"N/A";0;81;0x977CFE3F8BDD384B9AFA5989EB7DBAA7;01/06/2002 00:00:00
798;7;"N/A";0;73;0xCB637A5AE5B13F44B494447972BA5033;01/06/2002 00:00:00
798;60;"N/A";0;60;0xB2CF371610CF1A4DB2CF48F532883B93;01/06/2002 00:00:00
799;7;"N/A";0;104;0x6B55A0D44AA1D044A4A2E03C3617A8C9;01/06/2002 00:00:00
799;60;"N/A";0;123;0x684782955B5D2644B4F8F1B2C5403DA1;01/06/2002 00:00:00
800;7;"N/A";0;30;0x0C04C1EAA53CD143AA10052A3A0D836A;01/06/2002 00:00:00
800;60;"N/A";0;99;0x3F7AB37148E3A04F86F680EDD53A0473;01/06/2002 00:00:00
801;7;"N/A";0;56;0xD5BDD37A6FE9E640964D6612B321877C;01/06/2002 00:00:00
801;60;"N/A";0;78;0x82C8A3A2A39A1B4B8AC9B2EBCD8031A4;01/06/2002 00:00:00
802;5;"J";7;350;0xFC11BDBE6C744B4BA704F39B93EAD5D1;01/06/2002 00:00:00
802;10;"C";8;240;0xA4D9F68B7B4DFD45A242D46585DF745C;01/06/2002 00:00:00
802;50;"A";17;273;0x744B53128693DB44853CB19A95946528;01/06/2002 00:00:00
803;5;"J";8;356;0x15D6D8B6B752A247B924B662D82D976E;01/06/2002 00:00:00
803;10;"C";9;246;0xC7BF4008FB6EC448B830777220990BA8;01/06/2002 00:00:00
803;50;"A";18;280;0xAD360BC3B595CF4C8B59937216D382D9;01/06/2002 00:00:00
804;5;"J";9;363;0x38968327FAD14F42BF44D42D999261D7;01/06/2002 00:00:00
804;10;"C";10;252;0x31A809E11410CD469E8CE0745A52AF2A;01/06/2002 00:00:00
804;50;"A";19;286;0x66229920CA54F84CB21547D0D4B45788;01/06/2002 00:00:00
805;1;"D";13;284;0xBB00F2FF05173948AA840ABAA34E4700;01/06/2002 00:00:00
805;6;"R";40;265;0xF0F355CE88E5AC44A26642B2EAF81392;01/06/2002 00:00:00
805;50;"E";40;212;0xCCD1260B55667648AE5270102F8F3F9D;01/06/2002 00:00:00
806;1;"D";14;288;0xA32A1C7B169E4D458C71FADF9088378C;01/06/2002 00:00:00
806;6;"R";41;268;0x867AB7AA4B0507408C1DB567A73F4844;01/06/2002 00:00:00
806;50;"E";41;216;0x29647A1838221C439C9B4A5CF38150CB;01/06/2002 00:00:00
807;1;"D";15;291;0xC2BBD4C288849C428C4F96184F756D48;01/06/2002 00:00:00
807;6;"R";42;272;0x54CE74509EA1F347B082C08B215A626A;01/06/2002 00:00:00
807;50;"E";42;219;0xF7D757CDA1EC054485792FCDE2E104CB;01/06/2002 00:00:00
808;10;"E";4;267;0x69D8518E0A55124989DCA9DD436885F4;01/06/2002 00:00:00
808;20;"S";1;276;0x0FA99228B60F4747A1CC94A872BD06DD;01/06/2002 00:00:00
808;50;"F";2;316;0xFC36960F90B16144842EB91377C26F6A;01/06/2002 00:00:00
809;10;"E";5;264;0x57DBC779DFABB74081DBA2245FC853EA;01/06/2002 00:00:00
809;20;"S";2;273;0x9EC748513913D043940D157DD706F133;01/06/2002 00:00:00
809;50;"F";3;313;0x0ED22A1C036ECF4B998A44D35BD82146;01/06/2002 00:00:00
810;10;"E";6;260;0xC58D9F0D7E92FA42A4C9DF74194FBC5F;01/06/2002 00:00:00
810;20;"S";3;270;0x749424D650D0874093379C84E5F4F345;01/06/2002 00:00:00
810;50;"F";4;310;0x408BC53A619DC042994E0601E9971059;01/06/2002 00:00:00
811;10;"E";7;257;0x595F5B92F3C51B4A87EF7C085D41EA07;01/06/2002 00:00:00
811;20;"S";4;267;0x0C1977B633110840A1AB105684F2CE81;01/06/2002 00:00:00
811;50;"F";6;307;0x3FA5FD059CF038489E6EC192347DFB5E;01/06/2002 00:00:00
812;10;"E";8;254;0xB2E78F6C6532F74FB7C5A5C26F32DA68;01/06/2002 00:00:00
812;20;"S";5;264;0xD10773431D6AA54AA2447D534BA0E9A7;01/06/2002 00:00:00
812;50;"F";7;304;0xEB9BFC7C0DF1894CA6D6642B25E21CE6;01/06/2002 00:00:00
813;10;"E";9;251;0xB6D8E81F0542F6489583DE8C76066297;01/06/2002 00:00:00
813;20;"S";6;260;0x7FBFD4DA4606E94880A188BEE19A14AC;01/06/2002 00:00:00
813;50;"F";8;300;0x9100C249EB5D754CBBDB1EC7F7B97DAB;01/06/2002 00:00:00
814;10;"N/A";0;110;0xA02D017FFF9F2B4690CE3DED72B2C81F;01/06/2002 00:00:00
814;20;"N/A";0;150;0x1C29666EFE30354B9F2BB58F308D93F3;01/06/2002 00:00:00
814;30;"N/A";0;137;0x00BE5184C688C14B925EDA45208A2008;01/06/2002 00:00:00
814;40;"N/A";0;96;0x94C03895DFDE644A838E72417E6813B8;01/06/2002 00:00:00
814;50;"N/A";0;148;0xBC1D851EC50E9C43A12CC84A3B2268D9;01/06/2002 00:00:00
814;60;"N/A";0;126;0x856C0F75DE885D42A60D57C06777E71A;01/06/2002 00:00:00
815;5;"T";1;265;0xC6A766BFAC9B914AB4A093F72D59E20D;01/06/2002 00:00:00
815;50;"B";1;457;0x955517CF5AFB08439489930223773810;01/06/2002 00:00:00
816;5;"T";2;406;0xF051DDFA29C3D843AB23214091724421;01/06/2002 00:00:00
816;50;"B";2;412;0x60D65B4A8D243B47B2D7EAC2DCAAF6A7;01/06/2002 00:00:00
817;5;"T";3;443;0x691D3F3406066945822813DEFBD7C118;01/06/2002 00:00:00
817;50;"B";3;388;0x99419078587CDF4BB2C1ED0DE2034483;01/06/2002 00:00:00
818;5;"T";4;428;0x4A52F6B9FE305F45ACE3D9BAB321099C;01/06/2002 00:00:00
818;50;"B";4;460;0x63AB277F21BEA248B9256EFA9A0F1A2E;01/06/2002 00:00:00
819;5;"T";5;409;0xDBED8D3E5B04524ABDAA3B5176323EA9;01/06/2002 00:00:00
819;50;"B";5;384;0x5A56BD4F5EF2A54295B71D7D01E2C507;01/06/2002 00:00:00
820;5;"T";6;446;0xC0EBAC5BB3E54B4582B753D4BF89DF88;01/06/2002 00:00:00
820;50;"B";6;232;0x62F515E87BBF0A4AB743413AFF059AEE;01/06/2002 00:00:00
821;5;"T";7;432;0x8273CDFD5A4CDB4D86CB6A693661DC02;01/06/2002 00:00:00
821;50;"B";7;304;0x0326EE208D838147AD9383753A432B5F;01/06/2002 00:00:00
822;10;"N/A";0;115;0x4466B9BF7A7ADD4492F51937A635FF82;01/06/2002 00:00:00
822;20;"N/A";0;155;0xBF268DE8EF22724AACC0A8020EDE7165;01/06/2002 00:00:00
822;30;"N/A";0;142;0x99DA39F4749EF743B29B925983A8F25F;01/06/2002 00:00:00
822;40;"N/A";0;100;0x74EA340846BD2E4DA44CAAFF90B58B3C;01/06/2002 00:00:00
822;50;"N/A";0;153;0xACBD67DE8A0450428A44EF5EC2C8E5B9;01/06/2002 00:00:00
822;60;"N/A";0;131;0x2F35B5467EF6FE4DA8623A476929525D;01/06/2002 00:00:00
823;6;"A";10;425;0x110274B15ECA3A4ABA64AE00B6795435;01/06/2002 00:00:00
823;50;"V";1;256;0xEFD5049E2BC210409F863E8D5BA31FE8;01/06/2002 00:00:00
824;6;"A";10;411;0xAD84F8F3B4802B43B1EA2C914E20E148;01/06/2002 00:00:00
824;50;"V";2;401;0x96023AE63669A84484BA8AEDD7C5714F;01/06/2002 00:00:00
825;6;"A";11;396;0x9EB1978F98AB6948AE8888E13F7FB28F;01/06/2002 00:00:00
825;50;"V";3;387;0x3A4543BFD1FAA84FA3DA7A9D46736E01;01/06/2002 00:00:00
826;6;"A";11;393;0xD55052943CB877499249C537C9EEBDF8;01/06/2002 00:00:00
826;50;"V";4;406;0x4CBF6CF3E5C75946BD54DF0EB1179220;01/06/2002 00:00:00
827;6;"A";12;412;0xC1E8559C3195694D98A64D5A6CC15B36;01/06/2002 00:00:00
827;50;"V";5;425;0xD6BB9E1B15A22945AF58E9A1ECDD2B56;01/06/2002 00:00:00
828;6;"A";12;432;0xF7DD7E8DBB708E4C936D39645C50BFA0;01/06/2002 00:00:00
828;50;"V";6;284;0x545A38C1617EF8439B873170D0ABEBA0;01/06/2002 00:00:00
829;6;"A";12;265;0x774B4DEB2FBEF041BAE1CFDB4D8DB033;01/06/2002 00:00:00
829;50;"V";7;476;0x6A0A1A33A6916B44837E1368A978B1EE;01/06/2002 00:00:00
841;7;"N/A";0;288;0x3E0EA23B1098684FBAD244AB974AE2A1;01/06/2002 00:00:00
842;7;"N/A";0;72;0x775154183662204C9BF07DD2D0648216;01/06/2002 00:00:00
843;7;"N/A";0;252;0x146D6D79E052A04482E2EEBBA7DB3DA3;01/06/2002 00:00:00
844;7;"N/A";0;288;0xD59641C40946E942BD4FC7CF8361533A;01/06/2002 00:00:00
845;7;"N/A";0;324;0x2E6FD4C084C00E4F9EA5225B0ED160D9;01/06/2002 00:00:00
846;7;"N/A";0;144;0x6CF7C4A27C329D4799F9D40A132EBB94;01/06/2002 00:00:00
847;7;"N/A";0;180;0x5ACD0B7A0B28504091BB5B9CF36A1D49;01/06/2002 00:00:00
848;7;"N/A";0;216;0x36FAE6FB53891448872EC88A1C61F201;01/06/2002 00:00:00
849;7;"N/A";0;108;0xFD1CFE05019C2A4AA1A61D76DD6BFB2F;01/06/2002 00:00:00
850;7;"N/A";0;144;0x46C6B53421FFF543ACBA3E5729E792BD;01/06/2002 00:00:00
851;7;"N/A";0;180;0x8EEC805B4564FE469779EDA9AB530AAB;01/06/2002 00:00:00
852;7;"N/A";0;324;0x14ED5705C6E10844B52E9D19E7827516;01/06/2002 00:00:00
853;7;"N/A";0;0;0x75BA612983201C488A356AC8B139DCCE;01/06/2002 00:00:00
854;7;"N/A";0;36;0x002E972E389C60419D0F0514A075D506;01/06/2002 00:00:00
855;7;"N/A";0;72;0x63B9FCDB4AF6D54C8ACBC1BF19D0F8B0;01/06/2002 00:00:00
856;7;"N/A";0;108;0x571CFBC4E6C43047AC5B55934BDA833F;01/06/2002 00:00:00
857;7;"N/A";0;144;0x75AB62ADC4EF66479B65D4308E234A1A;01/06/2002 00:00:00
858;7;"N/A";0;324;0x3D61BB37BCEA4B4BB3D63F1C433947AF;01/06/2002 00:00:00
859;7;"N/A";0;0;0x4BA71F915303B94BAA5882A86E626B17;01/06/2002 00:00:00
860;7;"N/A";0;36;0x7041B88D7B08FC4B963B375AB5FDB647;01/06/2002 00:00:00
861;7;"N/A";0;72;0x791CCDD606212B478741481E0FE7EC44;01/06/2002 00:00:00
862;7;"N/A";0;108;0xE6FBCF43A186BD4090F858CAE90E0596;01/06/2002 00:00:00
863;7;"N/A";0;144;0x882B0E88C061BD46B489E1D9FEF3F114;01/06/2002 00:00:00
864;7;"N/A";0;180;0x66CEEB934BE73441BCA633B4B1EAEAC8;01/06/2003 00:00:00
865;7;"N/A";0;216;0xBB70F58FEEB9E84F9ECE20D33EE99F43;01/06/2003 00:00:00
866;7;"N/A";0;252;0xA3818E832A3BCA4C9FCB5F0EC5186957;01/06/2003 00:00:00
867;7;"N/A";0;216;0xD7440E76761E4F458F5CB7B77E33C775;01/06/2003 00:00:00
868;7;"N/A";0;252;0x973B4A675C69554689F05FB6AAF1A9F6;01/06/2003 00:00:00
869;7;"N/A";0;288;0xC90FA0E150E0904AB8D2E22E37451933;01/06/2003 00:00:00
870;7;"N/A";0;252;0x3207651AB224BC4ABA37C866A764045B;01/06/2003 00:00:00
871;7;"N/A";0;288;0x6F9D506FBD09E0459EA3D0A0800B2A08;01/06/2003 00:00:00
872;7;"N/A";0;324;0x7919CF895DA2B243B1406228A79426DC;01/06/2003 00:00:00
873;7;"N/A";0;180;0x1D2899CCF4BE5F4285327F0FE652D8D5;01/06/2003 00:00:00
874;7;"N/A";0;252;0x2B3D1078E569BB49BD15212B92BAD89D;01/06/2003 00:00:00
875;7;"N/A";0;288;0xCCD6F8E3DC2D514FA026B5A5C7EF7B1D;01/06/2003 00:00:00
876;7;"N/A";0;0;0xC85E965CAB6FBF42AF3002CAD1F2A56E;01/06/2003 00:00:00
877;7;"N/A";0;36;0xEE39E41FFED5524B852B2E981FE0316E;01/06/2003 00:00:00
878;7;"N/A";0;108;0x886C521ED57B5F4083D19754D789863B;01/06/2003 00:00:00
879;7;"N/A";0;144;0x3A91969A02FDDF47A55DEF3590F3ADF0;01/06/2003 00:00:00
880;7;"N/A";0;108;0xAC864632546E244AA7AD31E2754069F8;01/06/2003 00:00:00
881;7;"N/A";0;324;0x3DD635D8E1AB8D4B81E7DC6D1775AF43;01/06/2003 00:00:00
882;7;"N/A";0;0;0xA2DBAD7113E7EF4CB861B9C0A71CCE1D;01/06/2003 00:00:00
883;7;"N/A";0;36;0xB75771B52EFF9E4380F592467EEB5AD6;01/06/2003 00:00:00
884;7;"N/A";0;72;0x35FD525D84AA34489DB6DE793A5D82B3;01/06/2003 00:00:00
894;1;"E";23;337;0x24F840076E9F5144B8F942C1172A4708;01/06/2003 00:00:00
894;6;"M";14;355;0xC883362267324F45840EBCC57F7A13AC;01/06/2003 00:00:00
894;50;"W";14;155;0xA0F04F9F0DAD2740A590C350595A52D2;01/06/2003 00:00:00
907;1;"E";19;337;0x115A8BB5368C1843BEEC413930B94176;12/09/2004 00:00:00
907;6;"M";12;228;0x3478F8E30D46264CB539F5DC6DE6AECF;12/09/2004 00:00:00
907;50;"W";12;158;0x63E7CECFD8FCE54EB435CF9FECC5C4B3;12/09/2004 00:00:00
908;6;"D";4;400;0x751897FF46EAF14896081C1826E1D04C;10/09/2004 00:00:00
908;50;"G";8;214;0x1230E96EC34DE34497926B696B250419;10/09/2004 00:00:00
908;60;"F";11;195;0x840C125F916EB247913F49A3C47E6F1F;10/09/2004 00:00:00
909;6;"D";5;230;0x1808CDEBE644CE4F9C54AB5719529995;10/09/2004 00:00:00
909;50;"G";9;72;0x1F053B9D82B9B54AB6AC36885CCDF734;10/09/2004 00:00:00
909;60;"F";12;120;0x4AE44249061D8C43B502A9134853B3D2;10/09/2004 00:00:00
910;6;"D";7;91;0xEBF0551BAE4E4042817BCEEDEA5D1736;11/09/2004 00:00:00
910;50;"G";19;168;0x1F000047C50AA444ADAC1F9AF4968128;11/09/2004 00:00:00
910;60;"F";8;96;0x4D2B38E21291784689C3CBF12027B209;11/09/2004 00:00:00
911;6;"D";8;283;0x6C2624C742911647A15DD090F3FD1FD6;11/09/2004 00:00:00
911;50;"G";20;321;0x23BE077B70CC884295AFEB07AD438DD6;11/09/2004 00:00:00
911;60;"F";9;302;0x0F5471B73A1DBF4F9C8A80958ED16527;11/09/2004 00:00:00
912;6;"D";9;302;0x17E5F7148BC5514588C0D5D4EDF97AF6;11/09/2004 00:00:00
912;50;"G";21;353;0x78FF81DF70BA5541A508A34724E161F9;11/09/2004 00:00:00
912;60;"F";10;246;0xBA47D3402F7C464A9277D81923B0E5FC;11/09/2004 00:00:00
913;6;"D";12;169;0x6D99D167BF01BF4A8FF3833F547F41DF;10/09/2004 00:00:00
913;50;"G";24;145;0x0CE82F0B68D9C44A8BF9EA96867D11A6;10/09/2004 00:00:00
913;60;"F";15;153;0xAA79BC4152D5ED41A6E82A638118F5B0;10/09/2004 00:00:00
914;6;"D";13;248;0x58604B55F4270549842C9C902C45C647;09/09/2004 00:00:00
914;50;"G";25;171;0xF379E77E910077459775D355EE8E99D4;09/09/2004 00:00:00
914;60;"F";16;382;0x7930D8E56622DA4E943AED8D33BAE8BB;09/09/2004 00:00:00
915;6;"D";18;161;0x10493280536332478D74B1097F82EF77;09/09/2004 00:00:00
915;50;"G";26;83;0xF53AA308B78214498CC421D75077DBF6;09/09/2004 00:00:00
915;60;"F";17;158;0x875D435080BE51419CFBC1B55486BD03;09/09/2004 00:00:00
916;6;"D";6;425;0x0D0CD369DBF20B48B444F888A18C6B3F;31/08/2004 00:00:00
916;50;"G";27;288;0x778044F88FEB18418D9E5AB68BD60658;31/08/2004 00:00:00
916;60;"F";4;276;0xF931FC7338694E469F313B251C2433B8;31/08/2004 00:00:00
921;6;"L";16;286;0xC326C38B11119B4D985AC2BF2D43F82C;08/09/2004 00:00:00
921;50;"R";15;243;0x18DE01C5FC2D5B4A9017477AB633C146;08/09/2004 00:00:00
922;6;"L";17;264;0x095B01ACDB3F0F47ADF2EB634DFE8AF0;08/09/2004 00:00:00
922;50;"R";17;241;0x8E77F7691F8BCD4AA2F336C612F57068;08/09/2004 00:00:00
923;6;"L";18;262;0xBC94FB8D9B4A414F8FE11FE126869875;08/09/2004 00:00:00
923;50;"R";18;240;0xAFD0E7B02C9FBC42B5DA78D20A10D8CD;08/09/2004 00:00:00
928;6;"L";2;240;0x305599AD23D1434FB0A0294F5C5410E9;12/09/2004 00:00:00
928;50;"R";1;369;0xAC45C52E0D00C549A0E6737CED96AC9D;12/09/2004 00:00:00
929;6;"L";3;385;0x0D78E5D7D8FFC34EA5F7295970E924D9;12/09/2004 00:00:00
929;50;"R";3;284;0xB6D71D2454BB424588C68856DACB7B88;12/09/2004 00:00:00
930;6;"L";5;267;0xB2BA234BB770F64D93CB49FF3D89AFD2;12/09/2004 00:00:00
930;50;"R";5;232;0xD00F10C21F6AC749A2B438DCCEC76E27;12/09/2004 00:00:00
931;6;"L";6;236;0xE39C5A41A398CD4FA89C5CCC6B50D718;12/09/2004 00:00:00
931;50;"R";6;252;0x9E5AAEB304B93148A3443136C2CBAAFC;12/09/2004 00:00:00
932;6;"L";8;382;0x293DB1B571C78443BDA216F4DA641ED3;12/09/2004 00:00:00
932;50;"R";7;192;0xD119FC5ABC943D45AB3062ACD71BC74B;12/09/2004 00:00:00
933;6;"L";10;299;0xFC87C569CE044B4AA7F88B4E9D1D6214;08/09/2004 00:00:00
933;50;"R";9;228;0x50514701A09673438A600FDAA4D03CE2;08/09/2004 00:00:00
934;6;"L";11;233;0x2C2C789D78C7574690D041C8C0F31BBD;08/09/2004 00:00:00
934;50;"R";11;249;0xC08D4D89313A32478E9814BCBC643C2E;08/09/2004 00:00:00
935;1;"E";24;174;0xCBB9CDF5DEDFA140A9962CECF8CDF99A;10/09/2004 00:00:00
935;6;"M";1;182;0x124EEB911FE6984BAE801A0F000E62A4;10/09/2004 00:00:00
935;50;"W";1;156;0xDA77CBDC50586440A698C2A80224F654;10/09/2004 00:00:00
936;1;"E";25;172;0xF6FDA18BA84DB244AC671A2B68C421F3;10/09/2004 00:00:00
936;6;"M";2;180;0x8A06ABE817C47E4186DC5F8FFE7098DA;10/09/2004 00:00:00
936;50;"W";2;155;0x76935C576207A94E88D9ADF39A72900F;10/09/2004 00:00:00
937;1;"E";20;171;0x56530EAA0C4E5845B159BF0E0EB5B3C9;11/09/2004 00:00:00
937;6;"M";9;179;0x7BF9FFD5587FB747A0157B07ABC546AD;11/09/2004 00:00:00
937;50;"W";9;153;0x5A8809A51936964D950AD677F885F74F;11/09/2004 00:00:00
938;1;"E";21;169;0x543AA41B8714FB43BB22FEA092100E94;11/09/2004 00:00:00
938;6;"M";10;177;0xEFD18EAB8179E945AF90A669816597E2;11/09/2004 00:00:00
938;50;"W";10;152;0xEED61EA58DEE944F92AC35C75AE49128;11/09/2004 00:00:00
939;1;"E";16;168;0x45A200F0A0BF93438C582B444CDD9831;11/09/2004 00:00:00
939;6;"M";3;176;0xAAA0E32B67527345856CAD365EFDE45A;11/09/2004 00:00:00
939;50;"W";7;150;0xC630FCBB81017847B66354719B5605D1;11/09/2004 00:00:00
940;1;"E";17;316;0x28B5EC2FF2C0B24CAC74E48584A77A52;05/09/2004 00:00:00
940;6;"M";4;267;0x017424773FF2FB42B4ACE55773CD4754;05/09/2004 00:00:00
940;50;"W";8;323;0x3FFBF23678749E479E28BAF3EB8A4CF7;05/09/2004 00:00:00
941;1;"E";14;235;0x60840719BBCCC147886D5C4D34841258;09/09/2004 00:00:00
941;6;"M";5;262;0xE419819CF6900B4AB7B2C2691EFA1482;09/09/2004 00:00:00
941;50;"W";3;388;0x1AA16E4214AB55428EA61A60BE300F4D;09/09/2004 00:00:00
942;10;"N/A";0;120;0xEBF8B8130284014C93E592F8C859F66E;01/06/2003 00:00:00
942;20;"N/A";0;160;0xC370C74ABA3F1842AC152739497E6724;01/06/2003 00:00:00
942;30;"N/A";0;147;0xD1FF0C7B1EF8E64E91AAF852E3F6CA9B;01/06/2003 00:00:00
942;45;"N/A";0;105;0x03E8EC5D3B13A74B8A985E8B104FFE6D;01/06/2003 00:00:00
942;50;"N/A";0;158;0xE56432F3FF9474488C51DF367ED93EB6;01/06/2003 00:00:00
942;60;"N/A";0;136;0x433E7B0FB5EF114CAB1FC508647DEA5A;01/06/2003 00:00:00
943;10;"N/A";0;102;0x6FA1BC484167B344BEDBFE08BE2B5784;01/06/2003 00:00:00
943;20;"N/A";0;142;0x193D29BAF1C3044189554DA147B386F0;01/06/2003 00:00:00
943;30;"N/A";0;129;0x11CBA5D1CF24D541B5CB38B3BD5349EF;01/06/2003 00:00:00
943;40;"N/A";0;88;0x6321B4DB2615A048BAC32253FC6FF4C6;01/06/2003 00:00:00
943;50;"N/A";0;140;0x2656BD755BE1F7489AE184D91BC99FF1;01/06/2003 00:00:00
943;60;"N/A";0;118;0x32390DF50ECD144AA31400F275264296;01/06/2003 00:00:00
944;10;"N/A";0;112;0x96171FFDEF02BC4B9254DA8098F1CA53;01/06/2003 00:00:00
944;20;"N/A";0;96;0x65574F19B979D3429914809F9E9E5F39;01/06/2003 00:00:00
944;30;"N/A";0;123;0x4AA7C2A0CB961B4EB2B98BA94AED0076;01/06/2003 00:00:00
944;45;"N/A";0;136;0x3FED6972CC85F64B9C542CAF50ACF9D4;01/06/2003 00:00:00
944;50;"N/A";0;81;0xB6EA3C55770E534085BA872B411829B8;01/06/2003 00:00:00
944;60;"N/A";0;134;0x9D21C1CF276ED240BDE7E971775A1701;01/06/2003 00:00:00
945;5;"J";4;347;0xED47B360C1825A40B7B45E7FE00FEC78;01/06/2003 00:00:00
945;10;"C";5;236;0xF9DBF0FDCBE849438BC42B86E0B27BA8;01/06/2003 00:00:00
945;50;"A";4;270;0xA2F1F9227E918147A4318177615A153B;01/06/2003 00:00:00
946;10;"E";10;248;0x5B9589A7C4FE28479FB27B24D2AFC8C3;01/06/2003 00:00:00
946;20;"S";7;257;0x627820D3AAA86149A65E7AA0A77EDF97;01/06/2003 00:00:00
946;50;"F";9;297;0xC246C6411D81074FB96026379ECC8F1E;01/06/2003 00:00:00
947;10;"E";11;244;0x7029DC3B8C650840B8C933BE0A71E485;01/06/2003 00:00:00
947;20;"S";8;254;0x4C59845552378A49918451F4777E68B3;01/06/2003 00:00:00
947;50;"F";10;294;0x98BD42D70C90DB47A434C2CD13D663B4;01/06/2003 00:00:00
948;5;"J";1;347;0x9075D0FF3C9FBF4A80C7353C66BD8429;12/09/2004 00:00:00
948;50;"A";1;420;0x5DACF71C65EC8240981D5DA23DDA0E04;12/09/2004 00:00:00
949;1;"E";1;265;0x0F98196FBC163148BA60AA05D92E1098;01/06/2003 00:00:00
949;5;"A";14;336;0x53B4C7A89EDCB543BC187FC2720A8B34;01/06/2003 00:00:00
949;50;"A";30;284;0xD7D5E6A0B0104240854FF48938025DED;01/06/2003 00:00:00
950;1;"E";2;272;0xCAD079F2A6E223418C5B02E56FFDF3C3;01/06/2003 00:00:00
950;5;"A";15;342;0x1835B8C10B0AC34C812B2443FE022046;01/06/2003 00:00:00
950;50;"A";31;291;0x27F5FC4E2AD618429AA4DC241BD61D15;01/06/2003 00:00:00
951;1;"E";3;278;0x56D91664D63A364DA2B6521BFC4EFAAC;01/06/2003 00:00:00
951;5;"A";16;348;0x4C92129D9B919F4CA8C365A5A179096D;01/06/2003 00:00:00
951;50;"A";32;297;0xAFB4A131F3ABEC46AE143ACEBC8E545F;01/06/2003 00:00:00
952;1;"C";5;236;0x774A257AA6B8DF408E87DCFECE42D6DA;08/09/2004 00:00:00
952;5;"A";5;192;0xAB826B522FC33E41BD3C60D2CA192A82;08/09/2004 00:00:00
952;50;"A";25;161;0x54A9D86A98FE6249A29753CC416C96C7;08/09/2004 00:00:00
953;7;"N/A";0;116;0x26A9B9CB1B539348B76C2379375BD17C;01/06/2003 00:00:00
953;60;"N/A";0;49;0x468AC2C2A56AA240AC8E8ABE502B1FD5;01/06/2003 00:00:00
954;7;"N/A";0;65;0xB89CC6389EFEDD4D853E11D3EDA5A9B0;01/06/2003 00:00:00
954;60;"N/A";0;83;0xA61F861F788D134BAFD8C4D9B1000812;01/06/2003 00:00:00
955;7;"N/A";0;75;0xD878E1049AFCEE4FA979A28A17699BEC;01/06/2003 00:00:00
955;60;"N/A";0;62;0x495228AFDB75854E87B721C973758253;01/06/2003 00:00:00
956;7;"N/A";0;35;0xA6B8991FBA0CB44791892FD6456362CE;01/06/2003 00:00:00
956;60;"N/A";0;40;0xD7D834D94D26D54B9BE825A9CA566BF4;01/06/2003 00:00:00
957;7;"N/A";0;51;0xD551A04454644144B18C7DF8C305FE6A;01/06/2003 00:00:00
957;60;"N/A";0;100;0x27967B99C80A3C4F91A4D0B121B89B9C;01/06/2003 00:00:00
958;7;"N/A";0;128;0x210A3E5FFE97D9408C40A739BE677FD3;01/06/2003 00:00:00
958;60;"N/A";0;35;0xC34912BF4BA82F4FB3C23DD6DF37850D;01/06/2003 00:00:00
959;7;"N/A";0;83;0x2AC6B833DA89BD48B5AE7B8F26F7A1DC;01/06/2003 00:00:00
959;60;"N/A";0;121;0x16F5E9C5055B8F4DA1C3F4130290A3B8;01/06/2003 00:00:00
960;7;"N/A";0;54;0xC878899563DF01489AC2BC771367D251;01/06/2003 00:00:00
960;60;"N/A";0;105;0x67236A60563E6E4EBD3435CCCCF4A9F2;01/06/2003 00:00:00
961;7;"N/A";0;88;0x897C47F6080BC54BAB2CA3FFE2616A54;01/06/2003 00:00:00
961;60;"N/A";0;80;0x4A5F3D83929A2D498EAFE761CE80C3C9;01/06/2003 00:00:00
962;7;"N/A";0;67;0x4D9D291C043EE24DBD4FA1F201CEA98F;01/06/2003 00:00:00
962;60;"N/A";0;107;0x02D8037C435F3F4993CDA491C86B351E;01/06/2003 00:00:00
963;7;"N/A";0;126;0x03077400B3F4254A9EE9249DDD1F2596;01/06/2003 00:00:00
963;60;"N/A";0;36;0x4D2F7456B4AD8F42ABFBA75A653F4385;01/06/2003 00:00:00
964;7;"N/A";0;81;0xAE8929E010239E40A19CF4C29F5AE1DC;01/06/2003 00:00:00
964;60;"N/A";0;116;0x9F980B4D4BA8CA47BA7776D4D46272DF;01/06/2003 00:00:00
965;7;"N/A";0;91;0x397EFE992DBFFE4A9AEBA3AB6426598C;01/06/2003 00:00:00
965;60;"N/A";0;72;0x628828EDBE975E499BF89DF6C63D06B5;01/06/2003 00:00:00
966;7;"N/A";0;99;0x33D9A982C08BFE4AACB198E59B5C9EEF;01/06/2003 00:00:00
966;60;"N/A";0;86;0xEDD3A05803D4DB4EAD6ACE216775144F;01/06/2003 00:00:00
967;7;"N/A";0;67;0x38B0B88F7F988F43B04AACE3ACFD8931;01/06/2003 00:00:00
967;60;"N/A";0;81;0xB20E762CB6B1574889BD0A2D3B954439;01/06/2003 00:00:00
968;7;"N/A";0;73;0xC4EF076955CE6E49AF714EC7A389A49B;01/06/2003 00:00:00
968;60;"N/A";0;60;0x7902180D6A65414E83A4B8E29AE6286B;01/06/2003 00:00:00
969;7;"N/A";0;30;0xBAE27836B5850D42B1A2E1A13BFD4835;01/06/2003 00:00:00
969;60;"N/A";0;99;0xE4CE10644B34E949B9C0503A4503724C;01/06/2003 00:00:00
970;7;"N/A";0;73;0x992052BD5191844C9434FA2737E20849;01/06/2003 00:00:00
970;60;"N/A";0;60;0xA884434B29486C46B432296681F309C7;01/06/2003 00:00:00
971;7;"N/A";0;104;0xF718F53C6FFE34468EE52BE34A540B62;01/06/2003 00:00:00
971;60;"N/A";0;123;0x7758E98ED39DD04191337C7C9D230DCC;01/06/2003 00:00:00
972;7;"N/A";0;30;0xF4FF473813750440BFDA1D96375626FC;01/06/2003 00:00:00
972;60;"N/A";0;99;0x6182FD20A0608248A3A04AE1F6D09560;01/06/2003 00:00:00
973;7;"N/A";0;99;0x47FB02843D3EE5418ECE2849B793DBEE;01/06/2003 00:00:00
973;60;"N/A";0;86;0x4EE7C0413240604EBB16F10B813CDF62;01/06/2003 00:00:00
974;7;"N/A";0;67;0x6802B469020B0545A81E4DC19487CA0E;01/06/2003 00:00:00
974;60;"N/A";0;81;0xFABA25FA4292974280E32810FE60BD4A;01/06/2003 00:00:00
975;7;"N/A";0;73;0xF2CC70489B63D848814400429E756050;01/06/2003 00:00:00
975;60;"N/A";0;60;0x754D5DF4F6303D47B483E61F33816143;01/06/2003 00:00:00
976;7;"N/A";0;104;0xDC0F8E1CC2B8904A90FAB86A48955555;01/06/2003 00:00:00
976;60;"N/A";0;123;0x0A7FCF0DA8C90547BDD0CA0330371912;01/06/2003 00:00:00
977;7;"N/A";0;88;0x896604ABDD376E4C8D0FA80098FE0F12;01/06/2003 00:00:00
977;60;"N/A";0;65;0xAF82674BE4879B499572672FF7E89C70;01/06/2003 00:00:00
978;7;"N/A";0;91;0x4CCCA9B298F9F0429F554CEFDB524619;01/06/2003 00:00:00
978;60;"N/A";0;72;0x8B8FF7495F69B8479C9E757053503C4C;01/06/2003 00:00:00
979;7;"N/A";0;86;0x9311CD1BD292DC40B9C6C8243FBC06C1;01/06/2003 00:00:00
979;60;"N/A";0;78;0x9370C15C13C8CA4BB536AABB821400BC;01/06/2003 00:00:00
980;7;"N/A";0;51;0x169EF19F55DD9B41A54E742A7D1890F8;01/06/2003 00:00:00
980;60;"N/A";0;99;0x6260A50608E4FD49B457B609A0EC95F2;01/06/2003 00:00:00
981;7;"N/A";0;86;0x340341464137834CAF6D504D4FDB0043;01/06/2003 00:00:00
981;60;"N/A";0;67;0xD879390D10A90D4A9F1D47C7CE6AE81D;01/06/2003 00:00:00
982;7;"N/A";0;81;0xF8A2F401209C5F4FBCF962BFF79139CA;01/06/2003 00:00:00
982;60;"N/A";0;73;0xAEE6D0620F52BB47A9902E3FACC02A68;01/06/2003 00:00:00
983;7;"N/A";0;60;0xD55ECEA6CE95C2499E47459122570A80;01/06/2003 00:00:00
983;60;"N/A";0;104;0xE1D5370F11479D42B6F6353C040CE0C0;01/06/2003 00:00:00
984;7;"N/A";0;81;0x833B66261832784FB6FD4AE02923890C;01/06/2003 00:00:00
984;60;"N/A";0;73;0xF64A3EE9A5839E49AF4BA08F300D6FCE;01/06/2003 00:00:00
985;7;"N/A";0;60;0x78A4C8D24C0C6340B8056CC6CB7E0472;01/06/2003 00:00:00
985;60;"N/A";0;104;0xA0E71D054EFEED438EFD998A358A1922;01/06/2003 00:00:00
986;7;"N/A";0;123;0x72F9BDC3678C6A43A777120A1611DCD4;01/06/2003 00:00:00
986;60;"N/A";0;30;0xBA06082DC9AED3438C3D5B63950C4195;01/06/2003 00:00:00
987;7;"N/A";0;99;0x553152F6229CB94386225436FA170D76;01/06/2003 00:00:00
987;60;"N/A";0;56;0x477567A32D27BD42869542B62CFAC65C;01/06/2003 00:00:00
988;7;"N/A";0;78;0xE8ED6D9A90730B4FBE3B9C6A3077FBE2;01/06/2003 00:00:00
988;60;"N/A";0;116;0x8291D4ED4C042142A95604EAB17A4B78;01/06/2003 00:00:00
989;7;"N/A";0;51;0xE6B1D7B4D0F6A247A1991266098B9BD6;01/06/2003 00:00:00
989;60;"N/A";0;99;0x8D24D8D4F661204EBA8189CEDFE3C8A7;01/06/2003 00:00:00
990;7;"N/A";0;86;0x72CAACFF767EEC4AAF4DBBE70ADB10BB;01/06/2003 00:00:00
990;60;"N/A";0;67;0x00A0D16478B7DE4892D9766870860FDF;01/06/2003 00:00:00
991;7;"N/A";0;81;0xB5EA38352967D440951B12409BCE9389;01/06/2003 00:00:00
991;60;"N/A";0;73;0x8E36585AB5E50F448202EF373D9D5767;01/06/2003 00:00:00
992;7;"N/A";0;60;0x8226AED543442B4AA8F5F0B7BEBB5E95;01/06/2003 00:00:00
992;60;"N/A";0;104;0x28104DAA0647D7479C9C764D66335D25;01/06/2003 00:00:00
993;7;"N/A";0;123;0xB7DDEA06D134C443BD20181CE355FCAB;01/06/2003 00:00:00
993;60;"N/A";0;30;0x971BD6A41FFC574CB19F1EAC3533FD13;01/06/2003 00:00:00
994;1;"A";3;244;0x6573D8861E62F24FAD66A7E3B1A2AA79;01/06/2003 00:00:00
994;6;"B";6;358;0x1685DCA1003D9E4AA6468B55227EBDCB;01/06/2003 00:00:00
994;50;"A";7;212;0x6BD8D079661D1F41A4CF7004F335011B;01/06/2003 00:00:00
995;1;"A";4;230;0xE21F733530C9214A8BD4D8D1534C01AD;01/06/2003 00:00:00
995;6;"B";7;321;0xC04B03819E2A8E4C831D3F20CFE86B7A;01/06/2003 00:00:00
995;50;"A";8;265;0x5B2E56151D29FE4DAA1D8C66F98EDEBA;01/06/2003 00:00:00
996;1;"A";5;321;0x0E49E9947766B54187B4411FBD9FBE1D;01/06/2003 00:00:00
996;6;"B";8;475;0xD7DCDE9C9C97DD4DBC2C67B7176FD808;01/06/2003 00:00:00
996;50;"A";9;174;0x0AC9889942FF154989FDB8D848699E9C;01/06/2003 00:00:00
997;7;"N/A";0;123;0xBE820B54E509994E9B7B835FFAB06950;01/06/2003 00:00:00
997;60;"N/A";0;30;0x4A621E730DBD7C449FE1472F73917897;01/06/2003 00:00:00
998;7;"N/A";0;99;0x35A259B8CCA1D74892BB10D0C2886E4E;01/06/2003 00:00:00
998;60;"N/A";0;56;0xEAE7215096CE3C43860AB9E57A45EF03;01/06/2003 00:00:00
999;7;"N/A";0;78;0xB06DA26117BD2B44B1198E5227811B82;01/06/2003 00:00:00
999;60;"N/A";0;116;0x543CF4AF78AF35468F8A733A1FC2D085;01/06/2003 00:00:00
