"SpecialOfferID";"ProductID";"rowguid";"ModifiedDate"
1;680;0x68B830BB6CD857458DB24B2D0A83A0FB;02/05/2001 00:00:00
1;706;0xB1A4C9B3E62ABA4CB5521F206C9F4C1F;02/05/2001 00:00:00
1;707;0xFE11B727770BA44EAD1A7C239956BEF4;02/05/2001 00:00:00
1;708;0x8BB7CB466E24694D9BD6E521277C1078;02/05/2001 00:00:00
1;709;0xA02A10CF5F052B4D8B9804B161758EA8;02/05/2001 00:00:00
1;710;0xA18D71634B4625439514CDEE46CB124F;02/05/2001 00:00:00
1;711;0x71B97E45C9D1CA48B947AE7E1B114377;02/05/2001 00:00:00
1;712;0x4884945BE5BA2A4FA1F38203E892FD24;02/05/2001 00:00:00
1;713;0x408F7607466E0F43AC1AFF6A3629729C;02/05/2001 00:00:00
1;714;0xCE4B00854AC74E4D8D173157991A1400;02/05/2001 00:00:00
1;715;0x169646BE79B22F458C419EB30B2E935A;02/05/2001 00:00:00
1;716;0xFD41D1968E1D1243B4B1E72C0A0D15FE;02/05/2001 00:00:00
1;717;0xDCC317F7BF3D4E4FB57ABACB0134BDBC;02/05/2001 00:00:00
1;718;0x894763B4BBAC0147A006186B18875FCD;02/05/2001 00:00:00
1;719;0x0450F5B02E476B4CB80F095C135258A7;02/05/2001 00:00:00
1;720;0xBD641B6917C4874799B3FCFF8046AC5F;02/05/2001 00:00:00
1;721;0x5723E20FA1948040B9412AF7E3513E40;02/05/2001 00:00:00
1;722;0x2A8AAF87B8025746AA55327B87685C5C;02/05/2001 00:00:00
1;723;0x5E5B156A947E794AAC70CA099B86981E;02/05/2001 00:00:00
1;724;0xD4D8FBEB6730214D8DDB64A3945D06D6;02/05/2001 00:00:00
1;725;0xD36D4797E3530A4CB90D177075E7BC26;02/05/2001 00:00:00
1;726;0x9656A10E03E22746B2F12B8D24B23116;02/05/2001 00:00:00
1;727;0xF075113A0F94FA4F9D5C695DB429BC76;02/05/2001 00:00:00
1;728;0x837402DCC1C14944AA5E457DD1221803;02/05/2001 00:00:00
1;729;0x48DBBDF774FAE5418913ECBA4393254B;02/05/2001 00:00:00
1;730;0x85BD124A0ADCA44CA30FD1A68B8C5E0F;02/05/2001 00:00:00
1;731;0x7B8BDCCCEBB7534C96B50215D904D51E;02/05/2001 00:00:00
1;732;0xA2297E4426606D42A5CC586E684EFFFD;02/05/2001 00:00:00
1;733;0x4E43225EE18BB14485E22547F01DC44F;02/05/2001 00:00:00
1;734;0xC5B2E7EB6389344DBE8120BEC896E5B8;02/05/2001 00:00:00
1;735;0xDF9A62384C02A14298E4E33DF40BBAAB;02/05/2001 00:00:00
1;736;0x7E9BF18A7E0031459808B1C01505EDFD;02/05/2001 00:00:00
1;737;0x8154841FA5CA9A4FBCB5C79FDED5CFB4;02/05/2001 00:00:00
1;738;0x0687DFCA3F7C6F429EA6A2859D372110;02/05/2001 00:00:00
1;739;0x38A2C49AFDD38B4FA0BA22874F2EE828;02/05/2001 00:00:00
1;740;0x26855B3342226F4E940F2C817947A262;02/05/2001 00:00:00
1;741;0x2A8B13E1A2B3F0449E9BFCD948766830;02/05/2001 00:00:00
1;742;0x67755FAA6BE06C4D98049169564439AF;02/05/2001 00:00:00
1;743;0x5E43D6EE5DE93243B4A0C91B22FC198D;02/05/2001 00:00:00
1;744;0x01B5794636DE384E859AF72D88F96D8D;02/05/2001 00:00:00
1;745;0x3859360022344E49B92EC00AFD691469;02/05/2001 00:00:00
1;746;0xB266CAC7A85A8F4F9873D80167B34DE6;02/05/2001 00:00:00
1;747;0x33192C042F0BD84FB756EA1ED88A42EE;02/05/2001 00:00:00
1;748;0x7CBD30C7951EC14EB1F1CB2F778C8CB7;02/05/2001 00:00:00
1;749;0x888456E4A5037A46983632E47379E158;02/05/2001 00:00:00
1;750;0xE3DAEF8D7F8D9649BBAE34350A8C5406;02/05/2001 00:00:00
1;751;0x13A69C012C17AB43AD6747DD78291C5F;02/05/2001 00:00:00
1;752;0x990A5DC9AF8804498D0CEC790BF6AC38;02/05/2001 00:00:00
1;753;0xB6BB3031DAE07D45BD108E90C975AA56;02/05/2001 00:00:00
1;754;0x43F66A7CE85C2949BD5E7821AEAAEFCB;02/05/2001 00:00:00
1;755;0x1221BD0DC554BA4F9535FB6AC85FBC1A;02/05/2001 00:00:00
1;756;0xA1EC450E7FD1E444976880B82F980376;02/05/2001 00:00:00
1;757;0x4EE9A940EE3C4C4FA97C0776D38ABFD5;02/05/2001 00:00:00
1;758;0x242E081D192FD649A4E14D7328806633;02/05/2001 00:00:00
1;759;0xF4C9E3AE19C28D4384EE6C5E3BF074B7;02/05/2001 00:00:00
1;760;0x3B949FF1F67B174687D9316CC4C9BAB2;02/05/2001 00:00:00
1;761;0xCA0BE05AB9B50B4F8B2A9560BD2EE07F;02/05/2001 00:00:00
1;762;0x72DC9978425E5C4C838BCB551537329B;02/05/2001 00:00:00
1;763;0x9704972375E4DC489A3896DC956F4608;02/05/2001 00:00:00
1;764;0xB0685D8B43EBD545A062368C9ED00DFD;02/05/2001 00:00:00
1;765;0x89BF1E6BCA401C47A243EA6E178AEF1B;02/05/2001 00:00:00
1;766;0xCDD84E6D9D577C4BB44A6CFF4AABEC20;02/05/2001 00:00:00
1;767;0x34B8CB1BA1574B42B8B142EA18F381CB;02/05/2001 00:00:00
1;768;0xF6BCAB9336DACC4BAF793BAC86331972;02/05/2001 00:00:00
1;769;0x64F9A221446DD740ABE2EF974C4D19FF;02/05/2001 00:00:00
1;770;0x434C41F320CFEB4AAD8E0B7E6E682D1C;02/05/2001 00:00:00
1;771;0x632CA2F9A71CE448870BCEDF4BA0F00B;02/05/2001 00:00:00
1;772;0xC84C5C8E9F66724A9E995DB8CCBEF765;02/05/2001 00:00:00
1;773;0x48170FBBFF3B0743ABF204B26FAF3499;02/05/2001 00:00:00
1;774;0xA2A40F87D5B35740A2B1A2CAF6A31DB0;02/05/2001 00:00:00
1;775;0x2C729CF4D06CD34985EFB6AFB67B6E73;02/05/2001 00:00:00
1;776;0xA5F50CD7F007604DB2925E07F5EC614D;02/05/2001 00:00:00
1;777;0x3A18A797BEA0FD42BE18209881576558;02/05/2001 00:00:00
1;778;0x035DAE61EEB7614AA233CC23D526A8A9;02/05/2001 00:00:00
1;779;0x04FD93416BF94641895C292C969B468A;02/05/2001 00:00:00
1;780;0x0E17D859D0025A459E43E9590E732D34;02/05/2001 00:00:00
1;781;0xB6D4714AEE62CC4BABA85870917316BB;02/05/2001 00:00:00
1;782;0x9D41E13565AC0543ADFD50B4CB1AD7BF;02/05/2001 00:00:00
1;783;0x73BFE54C1A510843817DEB0FEE2F07FD;02/05/2001 00:00:00
1;784;0xD36D8C0140A018489D0F4C08D0017633;02/05/2001 00:00:00
1;785;0xA22E6E6417E84E41BB5308F6206E238B;02/05/2001 00:00:00
1;786;0xE63716D9E8252A47929FB3843FC005B4;02/05/2001 00:00:00
1;787;0xBE59C8723800B3418F3A5E60D31E8691;02/05/2001 00:00:00
1;788;0x5D18F3AC85F4F64A9C8D4C757F68A435;02/05/2001 00:00:00
1;789;0x26B1A60E4C864746B9975224DFE460AA;02/05/2001 00:00:00
1;790;0xCA16D5A13ED98D428A43E47F62B67078;02/05/2001 00:00:00
1;791;0xE833852168AE7D458BB87884B354BAD7;02/05/2001 00:00:00
1;792;0xBB71A3243067A44FB2B916ADEC67395B;02/05/2001 00:00:00
1;793;0x1F39AD3502A39A4CA1A25945FE409A62;02/05/2001 00:00:00
1;794;0x4E1BB83706A9C74CB748DE511FBC0EAD;02/05/2001 00:00:00
1;795;0x8F555F116BD46849B22DD697A4E00182;02/05/2001 00:00:00
1;796;0x71E07057F32B2A4EA7AD4A1320F629DB;02/05/2001 00:00:00
1;797;0xB5D853F4CED74D48A3D12767FF9276C5;02/05/2001 00:00:00
1;798;0xEC0B995DA0067746BDE1D2B3F5897345;02/05/2001 00:00:00
1;799;0x9A4974CB19287C4DB8E3BBBA7A625F9B;02/05/2001 00:00:00
1;800;0xA3B4040804A72149BC3852A5ECD7F140;02/05/2001 00:00:00
1;801;0x12B63FCDDA33BE409367D613F8A36EF3;02/05/2001 00:00:00
1;802;0x54CBAA78482B5940A191D9B804EA0466;02/05/2001 00:00:00
1;803;0xD1E91E646B455A42BB057CF2F4319FE1;02/05/2001 00:00:00
1;804;0x15482067225135499E395E2CBE1CFE47;02/05/2001 00:00:00
1;805;0xA0F865D0ECBB92418D5C68C169A0F2B1;02/05/2001 00:00:00
1;806;0x1F21DFFC2A8A6D4F8581BB3051BD9891;02/05/2001 00:00:00
1;807;0xF878006D51213844A863E55CD01BA3DF;02/05/2001 00:00:00
1;808;0xFB0FC74DA9A657479E4630193CC962C3;02/05/2001 00:00:00
1;809;0x5D6AFC60A2813B48BE4ABB2A70F8BF1B;02/05/2001 00:00:00
1;810;0xA8C1B1681C51A7458EDAFE41F7E650E2;02/05/2001 00:00:00
1;811;0x3163B69DA511E74B90D38043C2A3B210;02/05/2001 00:00:00
1;812;0x71A2679F00D7254DA8461EAAF1F11F73;02/05/2001 00:00:00
1;813;0xB30B9646C9D57046844974F9E99827A9;02/05/2001 00:00:00
1;814;0x96AF6AD1A6C04A49B916DE391F5389DF;02/05/2001 00:00:00
1;815;0xA2897074BEE94E4E816C50EE674D938D;02/05/2001 00:00:00
1;816;0x7C7727601AA6C94ABC6EE691FB0B1B8F;02/05/2001 00:00:00
1;817;0x078E2B83DE099F49B5E31F10541734A7;02/05/2001 00:00:00
1;818;0xC4E07CCD45171E4FA0F1C62116BDBC20;02/05/2001 00:00:00
1;819;0xDF3CC2B88AB2EE4596EC6BB1FE665765;02/05/2001 00:00:00
1;820;0x63C325F1A021BE4BA5FED2FC974098E1;02/05/2001 00:00:00
1;821;0x655F5027ABC50740BA7A042156A98967;02/05/2001 00:00:00
1;822;0x93945D82E3BE0A459B56766745B21931;02/05/2001 00:00:00
1;823;0xC5E08C5BC954874B90A0F3E2AD92846F;02/05/2001 00:00:00
1;824;0x1584CEDE3C51D048979A08223BEAAF59;02/05/2001 00:00:00
1;825;0x5A20C40642E31642AE2EA231B2012B08;02/05/2001 00:00:00
1;826;0xA459A58DE03B9B4297CB46BA98B6B1A2;02/05/2001 00:00:00
1;827;0x1336229970CBE2469881D574B69736DE;02/05/2001 00:00:00
1;828;0xFFB3A7C822133140AA961BC38F09A7CA;02/05/2001 00:00:00
1;829;0x723D6729562C4544A10C8B51627923FA;02/05/2001 00:00:00
1;830;0xFC3662A931E799459EA567C00BD25EC0;02/05/2001 00:00:00
1;831;0xA1F2B4121F13D647BF078B4AFDBF36B3;02/05/2001 00:00:00
1;832;0xA90CB8DE9F7FCE459ABA411C2A8887CA;02/05/2001 00:00:00
1;833;0xEE65A6641E36E645AB06365A5FE85395;02/05/2001 00:00:00
1;834;0x4A19A0BB5B60974C943BE9BF4E51FA9E;02/05/2001 00:00:00
1;835;0x0D7697D3CDEA264FA03E3AD2A84C7E56;02/05/2001 00:00:00
1;836;0x4AFF126B6754F64785840B40AB14D8C2;02/05/2001 00:00:00
1;837;0x49CAFBBDC39255418D365159B1776770;02/05/2001 00:00:00
1;838;0x9A24976ADD58D844B405EBA0B56FC1AF;02/05/2001 00:00:00
1;839;0x45EC3DEAFB3AB542A3BBC6369D9E3C1D;02/05/2001 00:00:00
1;840;0x3CF057BEDA3CE84F9522FB050782B3D0;02/05/2001 00:00:00
1;841;0x04844764E3D1454EAB75A2189C725B6B;02/05/2001 00:00:00
1;842;0x9D25E0C6C003DE4DA6670ACC230C6CB5;02/05/2001 00:00:00
1;843;0x14ED8470C6EB1A42BB270A87C36BFC3A;02/05/2001 00:00:00
1;844;0x2B66263D65893149A80EAA04645F9CF9;02/05/2001 00:00:00
1;845;0xB07A87CA73160541BA28BA02AD6A1961;02/05/2001 00:00:00
1;846;0x48A2DB58C0DCA4499A1498D2872FFC4F;02/05/2001 00:00:00
1;847;0x0A45CF2413D0234C8FFE38FA37B6B507;02/05/2001 00:00:00
1;848;0x9DBB11F19BA377418703042A98C58798;02/05/2001 00:00:00
1;849;0x90375DFBC5153344B112F98F20993DAA;02/05/2001 00:00:00
1;850;0x5CAD72582766504FA86730D15EF82379;02/05/2001 00:00:00
1;851;0x84348DDA54FEFC4E871C41BBCD9836D9;02/05/2001 00:00:00
1;852;0x970212554E5C4F4BAE5ABE6E4FCB3C62;02/05/2001 00:00:00
1;853;0x171092273A5D8344BFCECFE2829A672A;02/05/2001 00:00:00
1;854;0x88311E371408394C9873324036FA8BEB;02/05/2001 00:00:00
1;855;0xBE4324C05FB703438B6642BD772D93CE;02/05/2001 00:00:00
1;856;0xC4A2C15053BF2A4BBE256CE64C39F208;02/05/2001 00:00:00
1;857;0x3822736DE3B64141AC3A0D0375C64E12;02/05/2001 00:00:00
1;858;0xCFA921F917435145BF86A2F43F1A16CD;02/05/2001 00:00:00
1;859;0x83417DDD5B2D4D4F8BDDB2329A58D766;02/05/2001 00:00:00
1;860;0xAC9EB6C12096E440A6ED78AA8B039E21;02/05/2001 00:00:00
1;861;0x9C1B48BCCB1CBC4C815289DA596C93D0;02/05/2001 00:00:00
1;862;0x589901F89F408F4EAE4B00136B6D75B5;02/05/2001 00:00:00
1;863;0x8A59EF0296FB1D479A521B8126FD6C35;02/05/2001 00:00:00
1;864;0xC6BD77CD5E2FB742B08DC54E42B85489;02/05/2001 00:00:00
1;865;0x5DEF28AAA2B6A542B85C28E2F3B04643;02/05/2001 00:00:00
1;866;0x286A0B3D8E4FF347AC80993F6FEF8305;02/05/2001 00:00:00
1;867;0xA84805440A815B4989B0F20469F8A987;02/05/2001 00:00:00
1;868;0xEF8532C7EF8A68469E7B008301EF4795;02/05/2001 00:00:00
1;869;0xABEF85A9978630488D1FFE80B74EB251;02/05/2001 00:00:00
1;870;0x0FB250578CCD804E82AF34FC59E87111;02/05/2001 00:00:00
1;871;0x19D3567E19982E49A95263ECA1C7C329;02/05/2001 00:00:00
1;872;0xF425564F82BFC84B91C07407F7E2384B;02/05/2001 00:00:00
1;873;0xC823DC78F1771F4097CD44ED97B603A7;02/05/2001 00:00:00
1;874;0x82594FF4496CE148818EBE0516BDF202;02/05/2001 00:00:00
1;875;0xBF4C70211F71524A91CD2694DBCFC8DD;02/05/2001 00:00:00
1;876;0x43C6EC9F3F16214282F47DB0C267B5CE;02/05/2001 00:00:00
1;877;0x1C9320007C08F842B441EBE3D3B5F51E;02/05/2001 00:00:00
1;878;0xAD191D3C0CBBAB469EFAAFADD58BCB8F;02/05/2001 00:00:00
1;879;0xBAD13CC83ADCC644B3EEFFCD33C64428;02/05/2001 00:00:00
1;880;0x8CFD988D0D41084BA705F8F10BBE5BD8;02/05/2001 00:00:00
1;881;0xBF5D3CD89E9AD1498599B9135BDF1EA5;02/05/2001 00:00:00
1;882;0xAD98E67E8B21C240B4F43ECDDE2D45C0;02/05/2001 00:00:00
1;883;0xF89FE6EC8D22FB4DAA1177A7A854398C;02/05/2001 00:00:00
1;884;0x0D7F2FBAA224734FA197A57B40DC31D6;02/05/2001 00:00:00
1;885;0xDB8BA636F264F6469DACC8621A2547D8;02/05/2001 00:00:00
1;886;0x63E83A84A148984E8F4B8F20790372F6;02/05/2001 00:00:00
1;887;0x3D2D82EF91CABA4AB4CCCCF9DD8692DD;02/05/2001 00:00:00
1;888;0x7FF6D4509FB2E449A3E3FC8A2B5C75E9;02/05/2001 00:00:00
1;889;0xD3ED752E59416741AECD593054BD5633;02/05/2001 00:00:00
1;890;0xE3BAFC3F627C5B42A4B4FA62E5418B53;02/05/2001 00:00:00
1;891;0x1D26FA6732A1B24C8F2E75A22EBEA936;02/05/2001 00:00:00
1;892;0xD69D60E58EED6A47860FB7A199930EE2;02/05/2001 00:00:00
1;893;0x0F4521032AE1AF4A8557F620AA007A0D;02/05/2001 00:00:00
1;894;0x429828C2491B644BB078E9CC9620BE14;02/05/2001 00:00:00
1;895;0x7659DC4DDDFFC644A4A8910C807D58EF;02/05/2001 00:00:00
1;896;0x3EB974962C900D429A59C92C75EC26F2;02/05/2001 00:00:00
1;897;0xE57121C3ABC9B7419F3330D246341A00;02/05/2001 00:00:00
1;898;0xCD9852A43D769F458430ED4BDE09DD94;02/05/2001 00:00:00
1;899;0xB3A742431F89CB469FCA5131EAD4CF73;02/05/2001 00:00:00
1;900;0x69E158ADFA569D4B9969812374E0D708;02/05/2001 00:00:00
1;901;0xFBB904B4F084DE43AEE2AD37909C2670;02/05/2001 00:00:00
1;902;0x10EDE8888820A24EA59514916242D9F4;02/05/2001 00:00:00
1;903;0xE6EC2D51DF0F5E4085F6357A3AFBE17E;02/05/2001 00:00:00
1;904;0x91445C5A6E7C7F4DA4EDDF77D376AE31;02/05/2001 00:00:00
1;905;0x24383605B05E284CB7B018262CD6490F;02/05/2001 00:00:00
1;906;0xEFE011C97B4688489A67BF6F81645A62;02/05/2001 00:00:00
1;907;0x489C1FA2030CB741A943DB14238BAD8E;02/05/2001 00:00:00
1;908;0xCCAEB90AE5615A4ABA33B7E678F6D1E0;02/05/2001 00:00:00
1;909;0xADC919D16660D6468B96E44BDAAA6553;02/05/2001 00:00:00
1;910;0xE4338EECBA0A08428FDF0CB89B98DD8A;02/05/2001 00:00:00
1;911;0xC6406279B164F64891E5BF584FADB20D;02/05/2001 00:00:00
1;912;0x6B26E08A4B00BE459D9D33D12D81F4E4;02/05/2001 00:00:00
1;913;0xE7EDDF1340BBEF4296FB6CB3A5A7476D;02/05/2001 00:00:00
1;914;0x6E919E1308E9424481639ECFA42EEDDB;02/05/2001 00:00:00
1;915;0xF8A2E4FC3F64C449BD5F31AA4B542F8D;02/05/2001 00:00:00
1;916;0xEE304AB2F06EDE4AAC6805BD2B0077B6;02/05/2001 00:00:00
1;917;0x15836D212755734EA1C30D4F48641550;02/05/2001 00:00:00
1;918;0x0D00D2F4E65FC94AA847A31D033071E8;02/05/2001 00:00:00
1;919;0x36C87E2728ADF24BA54D0F1C05D75892;02/05/2001 00:00:00
1;920;0x617519BF3615B842A9EDA19836BAC351;02/05/2001 00:00:00
1;921;0xE44AE2FF469E3643843FD3C0EFBD09F8;02/05/2001 00:00:00
1;922;0x4EB2838E2FFAFF4D8DB35D29A7F11598;02/05/2001 00:00:00
1;923;0x53EFF6E8B0263D4EB276C2FDA7949FFC;02/05/2001 00:00:00
1;924;0x46AD055814370449AA765227A274CAEE;02/05/2001 00:00:00
1;925;0x9C8CD61AA04826489686094890E282DA;02/05/2001 00:00:00
1;926;0x592F5A7D18E3F2488B2C526FD091614A;02/05/2001 00:00:00
1;927;0xFBB23EDC5E98514D8ED6B5B34F3CB6CD;02/05/2001 00:00:00
1;928;0xD0EC24914EB679488E5968B6823F0CE9;02/05/2001 00:00:00
1;929;0x82F235473E8A89449356CD28DF2A0173;02/05/2001 00:00:00
1;930;0x4BC0AEE766D93542B6B8968966AD9763;02/05/2001 00:00:00
1;931;0xBDABE1582699124E8C0CF96446A42D3F;02/05/2001 00:00:00
1;932;0xC6F4EF4960956048BA68DAB5CFAA2200;02/05/2001 00:00:00
1;933;0x2A4CF2868A10AE468C67F26289571153;02/05/2001 00:00:00
1;934;0xBFF616A329554D49BFDB7E24DAAC823A;02/05/2001 00:00:00
1;935;0x399F4BF37F0F6D4897AA2E76C21EAD48;02/05/2001 00:00:00
1;936;0x151AB79F49359A40829778E038B58545;02/05/2001 00:00:00
1;937;0x245AFC4C05034C458C4FA02E13BCB75C;02/05/2001 00:00:00
1;938;0x3D29DDBCA9643F45BCCC87A4B884F311;02/05/2001 00:00:00
1;939;0x03486838E5601A47A5DCF479C66523DD;02/05/2001 00:00:00
1;940;0x471781614C047943AD4F876BE3FAC2F9;02/05/2001 00:00:00
1;941;0x186D0901950E404995C2E036FBCA2E0E;02/05/2001 00:00:00
1;942;0xFC78566EBC18A44C82CFA92E86570F6D;02/05/2001 00:00:00
1;943;0x7E6CE8881A71B449A9DC662D585A1FB7;02/05/2001 00:00:00
1;944;0xF32551D2805AEA4AB6B040A0E0C1B86A;02/05/2001 00:00:00
1;945;0xAB9818E0B3303D4D9355F8549584C9D7;02/05/2001 00:00:00
1;946;0xC3741B42D6E65A468A6B60C3A5E45218;02/05/2001 00:00:00
1;947;0xEE4AF4926796654CA4E4A78BE52FD033;02/05/2001 00:00:00
1;948;0xD6A860B643FEA24E981522D7475EF79C;02/05/2001 00:00:00
1;949;0x9A201A87BE7C484CB5D949CD828C70F3;02/05/2001 00:00:00
1;950;0x2D234C6D5307A948B41E889F3EC897C3;02/05/2001 00:00:00
1;951;0x7C1EC20029FDD54496C47DC75D83C0A3;02/05/2001 00:00:00
1;952;0x14FB66813D6B464493901B46ED281310;02/05/2001 00:00:00
1;953;0xF4D217F5BB358E458F9BB8F2766DBE08;02/05/2001 00:00:00
1;954;0xADD2392156BAD14792738181E055ED1D;02/05/2001 00:00:00
1;955;0x3C56B9D8ACC48042891D65F52F846249;02/05/2001 00:00:00
1;956;0x652F89127A0763418C109440C299E93E;02/05/2001 00:00:00
1;957;0xA9204AC3FCC07E49B9EDF8533A27DF99;02/05/2001 00:00:00
1;958;0x4E59D8C29B59D2458876FAD32A2B1BB4;02/05/2001 00:00:00
1;959;0x32281CE9F706A147BE1B0181EE8C3B7E;02/05/2001 00:00:00
1;960;0x39A3DA5FFDAAC44BAA7894926ADAFC13;02/05/2001 00:00:00
1;961;0xA69D2835AD3D3C46B3E007E8146C1859;02/05/2001 00:00:00
1;962;0xA24A035C1A6FF4439BEB486D5770A7A5;02/05/2001 00:00:00
1;963;0x9EABE6E925C4BC4EA7F2740C43D57D59;02/05/2001 00:00:00
1;964;0x9A3748A838345A4695EB77D9AFD583F3;02/05/2001 00:00:00
1;965;0x1F175DACBB11304182BF8E16F14D948B;02/05/2001 00:00:00
1;966;0xB9D0DEDEF75B6E419B9DE316316274FD;02/05/2001 00:00:00
1;967;0xE8545AF699132D4289125B3C77795B5F;02/05/2001 00:00:00
1;968;0x96C3CACDF094AF4083C2B8E393DB095C;02/05/2001 00:00:00
1;969;0xC5766488F6D34043BCE78911A896C899;02/05/2001 00:00:00
1;970;0xB1F64EF7B97F194F88813C3F0712187A;02/05/2001 00:00:00
1;971;0xACAFC68EA3C025489978BC3FAF6225E4;02/05/2001 00:00:00
1;972;0xADD952D6416D26458E3B2E19EC9E2550;02/05/2001 00:00:00
1;973;0x579508115B0C654D96C6DFBD32E50AD1;02/05/2001 00:00:00
1;974;0x997D6C418F581A438D221791E1130094;02/05/2001 00:00:00
1;975;0x57B93DB3DFB4EE4D862ABF63C1329884;02/05/2001 00:00:00
1;976;0x8796D1D73E4919499AE6ADAA75F64AB0;02/05/2001 00:00:00
1;977;0xD1F2A1AD75937F4293A8F333C9781199;02/05/2001 00:00:00
1;978;0x3EB13AD8836C104D88E324A3A6BFAC89;02/05/2001 00:00:00
1;979;0xF0E8C9465E72974E8766B39E90C3E8A4;02/05/2001 00:00:00
1;980;0xF464662BB864F74CA5490DB9772B1CF0;02/05/2001 00:00:00
1;981;0x9C7CAA325B7B77479E6F25AEC4830D63;02/05/2001 00:00:00
1;982;0xE46062C7DE72FD4DA969921302134AE7;02/05/2001 00:00:00
1;983;0xC7C5BB3F0685A64F8BD1C5E3CFDE5A72;02/05/2001 00:00:00
1;984;0x5A56A8699179744886D0327C4F320755;02/05/2001 00:00:00
1;985;0x26F5A790EAC1E4419F96130C94B08604;02/05/2001 00:00:00
1;986;0x572668E8587C264986064C358B7DB09D;02/05/2001 00:00:00
1;987;0x6DB4EEEAC201074398C25E96DE25C684;02/05/2001 00:00:00
1;988;0x1EC9CB733356ED4686354E06FE1560C8;02/05/2001 00:00:00
1;989;0xB5D1F65C76DA1D49B514ED5B5FEA572C;02/05/2001 00:00:00
1;990;0x3186A35FD4F1664BB93A01E3141DDACE;02/05/2001 00:00:00
1;991;0xE012AE364C4D7D45AE9718BA0475EC33;02/05/2001 00:00:00
1;992;0x96F8563DD6E3214AB61731C51490E94D;02/05/2001 00:00:00
1;993;0x70504F693E9232428A80F034E6B0CBB2;02/05/2001 00:00:00
1;994;0x3DE72B0FB38B61448A5D6A0C29F83241;02/05/2001 00:00:00
1;995;0xF129B46A78870E4CB3468E32346D4963;02/05/2001 00:00:00
1;996;0xDDF0457620C6AB48A727E8AD39AFDD56;02/05/2001 00:00:00
1;997;0x2971F495B33A1C4EABD6706113E285F7;02/05/2001 00:00:00
1;998;0xDA71AE140360554B93E0DCAA68A4F334;02/05/2001 00:00:00
1;999;0x444208B2A4900849BC450F4FE01E7E22;02/05/2001 00:00:00
2;707;0xA4DBA6CC83049242A44EE1AA3B49F63C;01/06/2001 00:00:00
2;708;0xB9669A85FAD4EF448F5FD5F2CEF35A50;01/06/2001 00:00:00
2;709;0xC4CA95BD6BC91F419BDB83226AA5BEA4;01/06/2001 00:00:00
2;711;0x916A161187501E4CB32AD6FE4EAD9144;01/06/2001 00:00:00
2;712;0x3700F1941A9FE147A490332DB0D30918;01/06/2001 00:00:00
2;714;0x67C90976D0E05D488E8439CFE90106A8;01/06/2001 00:00:00
2;715;0xC7191A921FF3E140A8C4F08EB77F67AD;01/06/2001 00:00:00
2;716;0x9EF39637F7E0484F88A64F971C10B351;01/06/2001 00:00:00
2;725;0xF0D3372A8ADE1B49B8EDE97617D19946;01/06/2001 00:00:00
2;730;0x93C8DE506AF98B4291CD161D677ABD65;01/06/2001 00:00:00
2;738;0x4CB770C67CD3C54BB36895BB3B9C5B11;01/06/2001 00:00:00
2;748;0xC0F2874E1E3E0F4390EB32E790C1C739;01/06/2001 00:00:00
2;754;0x06B4F3EFE675A249B4EA2255DB731514;01/06/2001 00:00:00
2;760;0x73C2778074D00E4A82A4052330BDE1A2;01/06/2001 00:00:00
2;761;0x6EF99723432ACD44B9921B367D3B25AD;01/06/2001 00:00:00
2;762;0x8354C8D2FC4FF64AABCA4B92C56FF5C1;01/06/2001 00:00:00
2;763;0xB56275EE42BE8E40ABDA628D27CCCA04;01/06/2001 00:00:00
2;765;0x43F486B85639324C91CE4CA998BF2B98;01/06/2001 00:00:00
2;766;0x2DD70D428651C14E8D9525C02A6978B1;01/06/2001 00:00:00
2;768;0xEF709575800DFA439B83786CCBB4D5A8;01/06/2001 00:00:00
2;770;0x5C0C0204C7ABC848849599362004551E;01/06/2001 00:00:00
2;772;0x3514491F076EC044A7EB57A8B23EAC11;01/06/2001 00:00:00
2;773;0x0FA536E0C20798479E33044FFC8E9107;01/06/2001 00:00:00
2;775;0x20E1FD0A3B91AD4F8D9863CBA5CEFE05;01/06/2001 00:00:00
2;776;0xD85DE12B10B18A41B0EEAC5F1A35B10B;01/06/2001 00:00:00
2;777;0x6C9D533DBEDF3948ADCB09B1D4D9235A;01/06/2001 00:00:00
2;779;0x71E343F79B0E2F46A214E0E541AF6E0D;01/06/2001 00:00:00
2;780;0xB55C3E7D43090F4C8FC2BE2CB8F69D56;01/06/2001 00:00:00
2;781;0x896489A12549BC4A96C4F66BA6F171C9;01/06/2001 00:00:00
2;782;0xE1A694143CA7DA45A6B8CF1BD0B7A3D3;01/06/2001 00:00:00
2;783;0x367881656AB7CF449BD7050E832C8D08;01/06/2001 00:00:00
2;784;0x4B9CB35F7D2B014B92AA7730C25B3178;01/06/2001 00:00:00
2;785;0x0DACC7AFC38E4341BBC1D0AB2FD21AC5;01/06/2001 00:00:00
2;786;0xAB82683852F52443B2A15E82A6999769;01/06/2001 00:00:00
2;788;0xC488394452681045877F1E12F4846CA4;01/06/2001 00:00:00
2;789;0x5CEDF27BC4B22E4C97327E1495A9D59C;01/06/2001 00:00:00
2;790;0x9B567A605B8A374A88D5CB52F902DE47;01/06/2001 00:00:00
2;793;0xDA7EA77612AF5F4DA83F1BA721AFB513;01/06/2001 00:00:00
2;794;0x9B16951F08FBA143940B852FA4E97FE6;01/06/2001 00:00:00
2;797;0x4E2AE0F7F6AF5546944E25EFD2880B37;01/06/2001 00:00:00
2;798;0x68B7037973D5C249800782A466D112B2;01/06/2001 00:00:00
2;801;0xEADDF4A05C04594E9135737D2D66F1C2;01/06/2001 00:00:00
2;804;0x7D807D9B0EDBE74CBD6E1584BACBA995;01/06/2001 00:00:00
2;806;0x49267466AD451947B97EABD944D0001B;01/06/2001 00:00:00
2;808;0x661B5526F4C6794BADFC0EFD10BBEE13;01/06/2001 00:00:00
2;809;0xEA205330DC4D814F9E9EACDEED9D2861;01/06/2001 00:00:00
2;815;0x35F11A518547D140954464F9C37E78BC;01/06/2001 00:00:00
2;824;0x4B429AF8F57CC6448DF84F86420AE061;01/06/2001 00:00:00
2;825;0x18885D00250E70479A862B05371A5A1B;01/06/2001 00:00:00
2;832;0x538204715C683847B6FC6DD88059D0A9;01/06/2001 00:00:00
2;835;0x0B003EC2496E4B4C9B77F1CCE7841BBE;01/06/2001 00:00:00
2;841;0x14CD5B12F4FF5F42990E7227E6D33EBA;01/06/2001 00:00:00
2;843;0x0CECCF34E9AF7043B5041375D5698086;01/06/2001 00:00:00
2;844;0x8C3CFDA6EE6FD9419BA70AE9492E45A1;01/06/2001 00:00:00
2;849;0x97E22ECA8F2A0841BC3DC7B7D3E42003;01/06/2001 00:00:00
2;852;0xB972A3BC01091D4C8516A526725C9B87;01/06/2001 00:00:00
2;854;0xE67A6D07B76A2849898718337709AF60;01/06/2001 00:00:00
2;855;0xFC285FDEB5371E43A7BDD14A11AB0043;01/06/2001 00:00:00
2;856;0x6F64E2235248AB49B7093AC663217D2C;01/06/2001 00:00:00
2;858;0x3BF437481B93D14C8DB943976C6BB66C;01/06/2001 00:00:00
2;859;0xAF9F3F14CE857044B76A5F55E3FCC3A2;01/06/2001 00:00:00
2;860;0x851780A7B9916C4691E47A41F447C36A;01/06/2001 00:00:00
2;862;0x448B837B4B9B6842B4C8836A9022CAED;01/06/2001 00:00:00
2;863;0x09160A1B2E8E17418066CDF887A017DB;01/06/2001 00:00:00
2;864;0xD5A958265415B3499B015822067C9BAF;01/06/2001 00:00:00
2;865;0x17234F437994C841B4064AEEF32F73F8;01/06/2001 00:00:00
2;867;0xD2CF4119CE1AD144AD818DEF1DE5B99A;01/06/2001 00:00:00
2;869;0xC1CF1483A80EC84B8D7557DD6A36A4C4;01/06/2001 00:00:00
2;870;0xE08F544B5114884A8A08C460630E4C10;01/06/2001 00:00:00
2;873;0x405A6CF27CAEFC4D8DBEEA655743CDD6;01/06/2001 00:00:00
2;874;0x2AF3AE7E6F33B8418B55CF8BE3BFDD80;01/06/2001 00:00:00
2;875;0x904A62FE5F9B87428B149EEA867892AF;01/06/2001 00:00:00
2;876;0x80A966365C43EC4BBB65EB6C709A319D;01/06/2001 00:00:00
2;877;0xE8962147F39835449A1A046C9FB610D8;01/06/2001 00:00:00
2;880;0x8261A7EC5128A646AB9E76FEDF5CD8A7;01/06/2001 00:00:00
2;881;0x39BE0C6FD8F9214C9DCCF80CF5930C38;01/06/2001 00:00:00
2;883;0x3847ECB38B462644A222E01DD3B97680;01/06/2001 00:00:00
2;884;0xA208635DFFE7404C830DA83CAD38F691;01/06/2001 00:00:00
2;885;0xCC0FDAA5074B824EAA525243DFB36777;01/06/2001 00:00:00
2;889;0x640A366BD4388144802D17499C267587;01/06/2001 00:00:00
2;892;0xFD3D2E7CDB89324E8301B8F382E7826C;01/06/2001 00:00:00
2;893;0x1BA95EE0A8827045A5722DB2BEFFDEE4;01/06/2001 00:00:00
2;899;0xD0F8C1FFC4F92B45A8278DFBA61FE1A4;01/06/2001 00:00:00
2;904;0xC72B7540FC0EAC48B6AD80CB52A0AA32;01/06/2001 00:00:00
2;908;0x839C80F72EF6384F8BC71D0C76AA35F8;01/06/2001 00:00:00
2;909;0x00A976AAFDD7E74E9C4C1750CEEDACEF;01/06/2001 00:00:00
2;917;0xF603886C6DB53340B24B55A2F2317F15;01/06/2001 00:00:00
2;925;0x4A5D112E8D982A46B03433FA9FEA2367;01/06/2001 00:00:00
2;937;0x7F91D23A0E2E5F4398D7F1E03CB88407;01/06/2001 00:00:00
2;944;0x839EAAAC70B66D4BA82630A76C4924E4;01/06/2001 00:00:00
2;945;0xD23B1E3150CFBC459385D3CA59B404F0;01/06/2001 00:00:00
2;948;0xBCD77839595BDC4FA77E0D53FA7E2AE6;01/06/2001 00:00:00
2;951;0xB4B59626C102AC41B976BC4EA174EA60;01/06/2001 00:00:00
2;952;0x46AC280D647107459B331B8F75906734;01/06/2001 00:00:00
2;953;0xF647B96A2A5EC1449984B927800D6650;01/06/2001 00:00:00
2;954;0x9A557B071D7ABD41A5501DDCF82C6BFF;01/06/2001 00:00:00
2;957;0x3C2F253382CCE7418A5B2D4F9595A7F1;01/06/2001 00:00:00
2;961;0x6A3C2345E4ACB54DBDADB37FB35A3ACA;01/06/2001 00:00:00
2;965;0x9A2917B51202004E8C65F6BB3185F148;01/06/2001 00:00:00
2;966;0x7FA89DA26C325044B1C687CB477A732F;01/06/2001 00:00:00
2;969;0x24863DE5A4A7EE448C197936B5452581;01/06/2001 00:00:00
2;970;0x4985F93325225745865B722A37134173;01/06/2001 00:00:00
2;972;0x8AAB2D59901C09469E0FDC2DFE6F0C56;01/06/2001 00:00:00
2;973;0x5C420E509F5FF44087308383003936D8;01/06/2001 00:00:00
2;974;0x01BE45F48623C24FA3CA5C1052E48E76;01/06/2001 00:00:00
2;976;0x830F461277161A43B7CF28A3A980B99F;01/06/2001 00:00:00
2;979;0xFEF1C83B004545458B25922BE55DCFF9;01/06/2001 00:00:00
2;981;0x39E01C04B5CC9B46B5816F20D6011431;01/06/2001 00:00:00
2;983;0x64F944934A04CE48A5F57130CC3B8EEE;01/06/2001 00:00:00
2;998;0x9FF2D3AEF1A51144A37D6D604C9D4F45;01/06/2001 00:00:00
2;999;0x136AF24F0648514B94D3D545DAEC7825;01/06/2001 00:00:00
3;707;0x13C4325FD3EF0C469FDD88F8504230F4;01/06/2001 00:00:00
3;708;0x6CF5C850EEAC39469E1310D5FBD29C5C;01/06/2001 00:00:00
3;709;0xF54CB52965A0824CA3216C328200DC93;01/06/2001 00:00:00
3;711;0x170328DD7F25C847BE0629DF75B505CC;01/06/2001 00:00:00
3;712;0xE0295DA3D0586B41A724285EC66304F7;01/06/2001 00:00:00
3;714;0xEE40BBB67B1AD94D967FD80140FE5253;01/06/2001 00:00:00
3;715;0x64A97B0B88E7524280EF20A0684BDF79;01/06/2001 00:00:00
3;760;0x74AC66CFCC712C4EA1B99254C492BC32;01/06/2001 00:00:00
3;761;0x8BED0E9282BF1D40A0E5CFD894582EE5;01/06/2001 00:00:00
3;762;0x661B72C7CB9CE24C989F6B3B8F80C19E;01/06/2001 00:00:00
3;763;0xC6899D8C825BC94D9A563730B344FE6A;01/06/2001 00:00:00
3;765;0x32577DAE18ADD84285EB2A9F3653BDCA;01/06/2001 00:00:00
3;770;0x966008AF8B3F724290414F2A3D459BBB;01/06/2001 00:00:00
3;780;0x33E5C40E2582E64FA9A3BD7A0AF1D4A4;01/06/2001 00:00:00
3;782;0x66381F1B78800E44AA15AD857553CCF7;01/06/2001 00:00:00
3;783;0xF080D2F981008448896D95FF7EC520AB;01/06/2001 00:00:00
3;789;0xD9C165612DBCDB4CA40057265FB0D281;01/06/2001 00:00:00
3;801;0x7894FC18E6B0CB41B0A7CBE4CB9BACB8;01/06/2001 00:00:00
3;806;0x3D4CE9A8D754BD4D90B96C97D0D1865F;01/06/2001 00:00:00
3;808;0xF3F5B717753D424EA02A1254E056AD22;01/06/2001 00:00:00
3;824;0xB9CF5C9452D11B4AA388C8FFC03F3DF7;01/06/2001 00:00:00
3;825;0x0A4D14FED026264EA3C898681DA0A7E2;01/06/2001 00:00:00
3;835;0xEB4B3CC3E225054CAF571FE1FD3B713B;01/06/2001 00:00:00
3;849;0x0CD3CB2882973A45BF80DB5B06CD0684;01/06/2001 00:00:00
3;852;0xBBFAE180307B3C43A78A2164407C9585;01/06/2001 00:00:00
3;854;0xE7669F84A77AC8458E61FAABB1ADAC70;01/06/2001 00:00:00
3;856;0x567654CED9EF4946B7A65CFC92E7D583;01/06/2001 00:00:00
3;858;0x225E1A6A741151479BF27ED80949F1AE;01/06/2001 00:00:00
3;859;0x5A1F3E9CBBA48D4B9AA140976B106CE3;01/06/2001 00:00:00
3;862;0x375BF86B68C4C9418F8BE6D088856B2B;01/06/2001 00:00:00
3;863;0x481FD9EB09784949B88DDE3405FFA143;01/06/2001 00:00:00
3;864;0xFD01112BAEC67B4D87AC524685C79A87;01/06/2001 00:00:00
3;865;0x120F1390EEEF3B4CB6CC379234A3E51A;01/06/2001 00:00:00
3;867;0x66BC6F086DDFCF4697D461A33573C505;01/06/2001 00:00:00
3;869;0xCE91F69EB7159E46B772619B53258E59;01/06/2001 00:00:00
3;870;0x7079654B5A410741A78DBF6FB4316981;01/06/2001 00:00:00
3;875;0x99FD78A84345B445AFB3CBDB2232CFE6;01/06/2001 00:00:00
3;876;0x33590A2D1AFD7748A8EDD78349F13477;01/06/2001 00:00:00
3;877;0x218364DF4ADBF341AC66CFFAA561C24E;01/06/2001 00:00:00
3;880;0x48DEF20DFB6EEE4A8B1FF7684625E0DC;01/06/2001 00:00:00
3;881;0xDAD511DC552D8C4782F3C612A5BF033F;01/06/2001 00:00:00
3;883;0x095E7DF3A8CDBD47A3347829E557F058;01/06/2001 00:00:00
3;884;0x3D9438A35D7CC74797A1A5B931F73123;01/06/2001 00:00:00
3;886;0x1CACC3EA1A3DF24EB2E083D86B7F4260;01/06/2001 00:00:00
3;892;0x94CD0AF3632517488DAC16452B145160;01/06/2001 00:00:00
3;893;0xCE10E8CF0A6131419B65ABE4AFFE6D9F;01/06/2001 00:00:00
3;957;0x47E67247B9757A458816615096474376;01/06/2001 00:00:00
3;966;0x089EC39071415A4280A1EFF5A5BA5C63;01/06/2001 00:00:00
3;969;0xB475D4B66DD79948A9B43A7D4FA7230E;01/06/2001 00:00:00
3;972;0x4F48F8D83BD50F47ABE66FD933109755;01/06/2001 00:00:00
3;973;0x6C65F8021206A24ABE911AB39847F276;01/06/2001 00:00:00
3;974;0x75239D22782D6A4C806B0B359716A9F8;01/06/2001 00:00:00
3;976;0x6AA7EE0E205F0543BD429277612E6C9E;01/06/2001 00:00:00
3;979;0xE998C1C45A688449B8AD9D45DD163B7E;01/06/2001 00:00:00
3;998;0xC47699FE122B734F995A2F407810BC3D;01/06/2001 00:00:00
4;709;0xEB45ABD05154874EA2B41F331788DC39;01/06/2001 00:00:00
4;712;0x07C233D6A58B4D4187B58BA1FFBF9482;01/06/2001 00:00:00
4;715;0xFF2979AA8898124DB9CBA5326E2E8501;01/06/2001 00:00:00
4;794;0xFDA063CE75D3304A8F2F035DCA1D1AE5;01/06/2001 00:00:00
4;852;0xC0A471049DC1F04EBE641E27BD6E7E69;01/06/2001 00:00:00
4;862;0x9599A9D029AFFF47984EF694EB93A3CC;01/06/2001 00:00:00
4;863;0x2FBCEF0DB5F6C04BAEC0971CA3D4FCE1;01/06/2001 00:00:00
4;864;0x379830C02A0EBE40826C627063DBA185;01/06/2001 00:00:00
4;867;0xAEA76C38C645F142A654CDDB10BC5C8E;01/06/2001 00:00:00
4;869;0x8FA7E5EC4B80104689D74DA879CB9082;01/06/2001 00:00:00
4;870;0xD9B3957BF9692A46B610E89E3E66C4D3;01/06/2001 00:00:00
4;875;0xBCF970FEF6B3B044896F1BDAD5674B2A;01/06/2001 00:00:00
4;876;0x2E97C11AE5B7FC4988ABAC938590F955;01/06/2001 00:00:00
4;877;0x58D2386101182B4EB5EA9BA1F3F4E8BB;01/06/2001 00:00:00
4;884;0xA8F730395330C34080889F082ABA327B;01/06/2001 00:00:00
4;954;0x871FE05DC7A87849AD9B5C63824D702A;01/06/2001 00:00:00
4;976;0x176136E72D789042BF3011C42BFE3E42;01/06/2001 00:00:00
5;863;0xE50AA6641472314DA6F034C72F16E018;01/06/2001 00:00:00
5;869;0x2F60FE5854F7FC4EBDFA63D7571C1C24;01/06/2001 00:00:00
7;771;0x889F50EE3ECFD74CACAEE68C4B924E66;15/04/2002 00:00:00
7;772;0x57254DFB0C6B3947994B7E4DC0DA5005;15/04/2002 00:00:00
7;773;0xD9FFDC25C8DAFF4A918FA96011A03607;15/04/2002 00:00:00
7;774;0xB7F1C1B53AAE3C43B1ACB14A2676CF28;15/04/2002 00:00:00
7;775;0xEC7ED2599FFAAE46A8771FA28487FD69;15/04/2002 00:00:00
7;776;0xA3460B8A36739A4FAA82A90380E33572;15/04/2002 00:00:00
7;777;0x6E1C17F55D99D84986BDA30878E0E05D;15/04/2002 00:00:00
7;778;0x3DFE1A0CB50CC4479DDA475570F278D6;15/04/2002 00:00:00
8;707;0x8120301314DE4E498C18BC6849760168;01/06/2002 00:00:00
8;708;0x32EB954C5878B84DB9BFD39CF3C8E269;01/06/2002 00:00:00
8;711;0xEC6D67F76BB0AF48917E7C39341E7F74;01/06/2002 00:00:00
9;762;0xEA2DE60E8102124589FFC745A207C91B;01/06/2002 00:00:00
10;928;0xA36D83DC5CB4C84C9C1745B84E9333DE;16/05/2003 00:00:00
10;929;0x99E20E405C740340B59A4142FC8CE0B1;16/05/2003 00:00:00
10;930;0x2B3B71337542044082E0BAA66E63B095;16/05/2003 00:00:00
11;707;0x8E8F98AFEC4F774C9D51C869C7CE2628;01/06/2003 00:00:00
11;708;0x9E6954375FF01B45BFAE9CA15EBFC377;01/06/2003 00:00:00
11;711;0x27C4F29B7EFF65478BCB7592F243F6E8;01/06/2003 00:00:00
12;722;0xC84B61C51BBE9E42A088C460DA833113;01/06/2003 00:00:00
12;723;0xA7E85BDDE62E2B4DA2E3D31630426106;01/06/2003 00:00:00
12;724;0x001FD2D7FA02BB41A3007CA79E26D6EF;01/06/2003 00:00:00
12;725;0x3510F52A0EAE004BB513A9F8DE6F0851;01/06/2003 00:00:00
12;726;0xA3C2AEFBBA595D49AAB587BC02F4D6E9;01/06/2003 00:00:00
12;727;0x1293A4DFF08AAD40B3C0BBF77736D85E;01/06/2003 00:00:00
12;728;0x9995E12A407AB64F9B5DF85CCA827BED;01/06/2003 00:00:00
12;729;0xFD17ADB1D824B04FA8216665B6BE9626;01/06/2003 00:00:00
12;730;0xB6AEF3ADF8AD454D8B808A301489E74C;01/06/2003 00:00:00
12;736;0x15D0DC494E84964BB81984B0E46BD47A;01/06/2003 00:00:00
12;737;0x5D38792D5C55334080833517D802F1A4;01/06/2003 00:00:00
12;738;0xBE3288D5F7376E409149CDA313155EC2;01/06/2003 00:00:00
13;958;0x96D0900D397DAA41A5D7AD4716605175;01/06/2003 00:00:00
13;959;0x3B0692E598BA384A83E01C55A1D4D26D;01/06/2003 00:00:00
13;960;0xE7BE0F4B5EBF324D9F70F2AB236A3049;01/06/2003 00:00:00
13;961;0xC60462436622994F9A3297A0016AB189;01/06/2003 00:00:00
13;962;0xB70813DD72999C479E659143E5279CC0;01/06/2003 00:00:00
13;963;0xBD78429B796C4D459BA19342F445106B;01/06/2003 00:00:00
13;964;0xAF3FBE69F49655458015167295621BFE;01/06/2003 00:00:00
13;965;0x65EE932888711346A9C6F6EF22AB063D;01/06/2003 00:00:00
13;978;0x3B6024F38244A74895A5137D28F4C572;01/06/2003 00:00:00
13;979;0xC53800680B5CC24A8D71BD63F5DD04E3;01/06/2003 00:00:00
14;954;0x608B386C16BA6241A2A37571BC7940C8;01/06/2003 00:00:00
14;955;0x2CC1C137AEAECF429F422B5D4BB7AF7D;01/06/2003 00:00:00
14;956;0x366E6D0A0817EC44952867BB8472FFC7;01/06/2003 00:00:00
14;957;0xDB79E6E9940A9D42896B353D08CACE47;01/06/2003 00:00:00
15;935;0x6D721BE54A27274A85BC2148D4219E92;16/07/2003 00:00:00
15;936;0x409C650949EE994D8A4EEC09C366F383;16/07/2003 00:00:00
15;937;0x19EBA80842118E4EBB8038811E485200;16/07/2003 00:00:00
15;938;0x1FAC93FFDC49674A9C969592CCE6D2B1;16/07/2003 00:00:00
15;939;0x2D2C1BE900A445499CE0A1D59063C3C6;16/07/2003 00:00:00
15;940;0xBDD097A4F45CCB46A596FAA6B28932F7;16/07/2003 00:00:00
15;941;0xCA58933365F20E468510CBC10388DF38;16/07/2003 00:00:00
16;782;0xAEF943C6C5F5B1458D0BE2BF4D78A315;01/04/2004 00:00:00
16;784;0x390EF4EE2F87A14581B050857E089A11;01/04/2004 00:00:00
16;984;0x650FDD52A90E484898847594BA953274;01/04/2004 00:00:00
16;985;0x827A12C8C305FD42A5C6215D58A236BD;01/04/2004 00:00:00
16;986;0x8DB20FC631241C48985E3FEA8119D705;01/04/2004 00:00:00
16;987;0x206FBDBEC2D611458C971F53B2099D1F;01/04/2004 00:00:00
16;988;0x8BC981298FA15341A6A2EC453CB130CE;01/04/2004 00:00:00
